Author,Rank,Rating,Score,Title,Votes
Margaret Atwood (Goodreads Author),1,4.09,"score: 30,733",The Handmaid's Tale,314
Suzanne Collins,2,4.33,"score: 28,553",The Hunger Games,292
Mary Wollstonecraft Shelley,3,3.78,"score: 21,909",Frankenstein,224
Madeleine L'Engle,4,4.01,"score: 18,720",A Wrinkle in Time,196
Ursula K. Le Guin,5,4.06,"score: 17,920",The Left Hand of Darkness,184
Veronica Roth (Goodreads Author),6,4.21,"score: 13,326",Divergent,138
Suzanne Collins,7,4.29,"score: 12,749",Catching Fire,133
Lois Lowry (Goodreads Author),8,4.12,"score: 12,399",The Giver,129
Octavia E. Butler,9,4.23,"score: 11,070",Kindred,116
Ursula K. Le Guin,10,4.21,"score: 10,731",The Dispossessed,112
Margaret Atwood (Goodreads Author),11,4.01,"score: 10,117",Oryx and Crake,107
Suzanne Collins,12,4.03,"score: 9,807",Mockingjay,104
Audrey Niffenegger (Goodreads Author),13,3.96,"score: 9,193",The Time Traveler's Wife,98
Connie Willis,14,4.03,"score: 8,935",Doomsday Book,96
Ursula K. Le Guin,15,4.11,"score: 7,775",The Lathe of Heaven,84
Ann Leckie (Goodreads Author),16,3.98,"score: 7,336",Ancillary Justice,81
Lois McMaster Bujold (Goodreads Author),17,4.11,"score: 7,017",Shards of Honour,75
Connie Willis,18,4.13,"score: 6,890",To Say Nothing of the Dog,74
Mary Doria Russell (Goodreads Author),19,4.17,"score: 6,873",The Sparrow,72
Anne McCaffrey,20,4.10,"score: 6,802",Dragonflight,74
Octavia E. Butler,21,4.16,"score: 6,653",Parable of the Sower,71
Lois McMaster Bujold (Goodreads Author),22,4.29,"score: 6,087",The Warrior's Apprentice,65
Lois McMaster Bujold (Goodreads Author),23,4.31,"score: 5,623",Barrayar,60
Stephenie Meyer,24,3.84,"score: 5,274",The Host,56
Veronica Roth (Goodreads Author),25,4.05,"score: 4,899",Insurgent,54
Lois McMaster Bujold (Goodreads Author),26,4.45,"score: 4,682",Memory,51
P.D. James,27,3.68,"score: 4,484",The Children of Men,49
G.S. Jennsen (Goodreads Author),28,3.91,"score: 4,394",Starshine: Aurora Rising Book One,45
Margaret Atwood (Goodreads Author),29,4.06,"score: 4,343",The Year of the Flood,47
Anne McCaffrey,30,4.09,"score: 4,235",Crystal Singer,47
Lois McMaster Bujold (Goodreads Author),31,4.33,"score: 4,120",Mirror Dance,47
Octavia E. Butler,32,4.33,"score: 4,108",Lilith's Brood,47
Lois McMaster Bujold (Goodreads Author),33,4.28,"score: 3,895",The Vor Game,46
Octavia E. Butler,34,4.21,"score: 3,842",Wild Seed,43
Madeleine L'Engle,35,4.04,"score: 3,700",A Wind in the Door,42
Lois McMaster Bujold (Goodreads Author),36,4.43,"score: 3,683",A Civil Campaign,43
Lois McMaster Bujold (Goodreads Author),37,4.21,"score: 3,653",Brothers in Arms,43
Lois McMaster Bujold (Goodreads Author),38,4.17,"score: 3,618",Cetaganda,43
Joan D. Vinge,39,3.95,"score: 3,535",The Snow Queen,43
Marissa Meyer (Goodreads Author),40,4.15,"score: 3,440",Cinder,38
C.J. Cherryh (Goodreads Author),41,3.91,"score: 3,381",Downbelow Station,40
Anne McCaffrey,42,4.01,"score: 3,361",The Ship Who Sang,39
Deborah O'Neill Cordes (Goodreads Author),43,3.81,"score: 3,340",Dragon Dawn,34
Anne McCaffrey,44,4.25,"score: 3,092",Dragonsong,36
Lois McMaster Bujold (Goodreads Author),45,3.83,"score: 3,054",Falling Free,37
Lois McMaster Bujold (Goodreads Author),46,3.76,"score: 2,904",Ethan of Athos,36
Madeleine L'Engle,47,4.11,"score: 2,831",A Swiftly Tilting Planet,32
Octavia E. Butler,48,4.12,"score: 2,755",Dawn,32
Lois McMaster Bujold (Goodreads Author),49,4.30,"score: 2,579",Komarr,31
C.J. Cherryh (Goodreads Author),50,3.94,"score: 2,547",Foreigner,30
Kate Wilhelm,51,3.87,"score: 2,535",Where Late the Sweet Birds Sang,30
Nancy Kress (Goodreads Author),52,3.94,"score: 2,526",Beggars in Spain,30
James Tiptree Jr.,53,4.21,"score: 2,524",Her Smoke Rose Up Forever,29
Tanith Lee,54,4.03,"score: 2,504",The Silver Metal Lover,29
Lois McMaster Bujold (Goodreads Author),55,4.37,"score: 2,498",Cordelia's Honor,31
C.J. Cherryh (Goodreads Author),56,3.92,"score: 2,469",The Pride of Chanur,31
Emily St. John Mandel (Goodreads Author),57,4.03,"score: 2,450",Station Eleven,28
C.J. Cherryh (Goodreads Author),58,liked,"score: 2,316",Cyteen,30
Lois McMaster Bujold (Goodreads Author),59,4.24,"score: 2,306",Borders of Infinity,29
Lucinda   Davis (Goodreads Author),60,4.76,"score: 2,300",Goose Island,23
Sheri S. Tepper,61,4.04,"score: 2,203",Grass,27
K.T. Hanna (Goodreads Author),62,4.18,"score: 2,199",Chameleon,22
Sheri S. Tepper,63,4.05,"score: 2,191",The Gate to Women's Country,27
Joanna Russ,64,3.54,"score: 2,128",The Female Man,26
Kage Baker,65,3.77,"score: 2,038",In the Garden of Iden,26
Ceri London (Goodreads Author),66,4.44,"score: 2,013",Rogue Genesis,21
Octavia E. Butler,67,4.24,"score: 2,006",Parable of the Talents,25
C.J. Cherryh (Goodreads Author),68,4.12,"score: 1,931",The Faded Sun Trilogy,23
Lois McMaster Bujold (Goodreads Author),69,4.18,"score: 1,914",Diplomatic Immunity,26
Naomi Novik (Goodreads Author),70,4.06,"score: 1,849",His Majesty's Dragon,22
Elizabeth Moon,71,liked,"score: 1,819",The Speed of Dark,24
Marion Zimmer Bradley,72,3.88,"score: 1,748",Darkover Landfall,21
Hayley Stone (Goodreads Author),73,3.79,"score: 1,698",Machinations,17
G.S. Jennsen (Goodreads Author),74,4.22,"score: 1,684",Vertigo,18
Lois McMaster Bujold (Goodreads Author),75,4.06,"score: 1,683",CryoBurn,24
Octavia E. Butler,76,4.33,"score: 1,659",Seed to Harvest,20
Ursula K. Le Guin,77,4.04,"score: 1,572",The Wind's Twelve Quarters,19
Elizabeth Moon,78,4.06,"score: 1,547",Remnant Population,20
Ursula K. Le Guin,79,3.95,"score: 1,510",The Word for World is Forest,20
Ann Aguirre (Goodreads Author),80,3.73,"score: 1,497",Grimspace,17
Nicola Griffith (Goodreads Author),81,3.86,"score: 1,477",Ammonite,20
Beth Revis (Goodreads Author),82,3.77,"score: 1,435",Across the Universe,16
C.J. Cherryh (Goodreads Author),83,4.19,"score: 1,392",Inheritor,18
Mya Robarts,84,4.02,"score: 1,380",The V Girl,15
Lauren Oliver (Goodreads Author),85,3.98,"score: 1,366",Delirium,15
Vonda N. McIntyre,86,3.86,"score: 1,324",Dreamsnake,18
Pamela Sargent (Goodreads Author) (editor),87,liked,"score: 1,297",Women of Wonder: Science-Fiction Stories by Women about Women,16
Martha Wells (Goodreads Author),88,4.15,"score: 1,296",All Systems Red,14
Elizabeth Moon,89,3.98,"score: 1,286",Trading in Danger,16
C.J. Cherryh (Goodreads Author),90,4.17,"score: 1,276",Invader,17
Marge Piercy,90,3.95,"score: 1,276",Woman on the Edge of Time,15
Maureen F. McHugh,92,3.94,"score: 1,253",China Mountain Zhang,18
S.L. Viehl,93,3.80,"score: 1,230",Stardoc,16
Margaret Atwood (Goodreads Author),94,liked,"score: 1,212",MaddAddam,13
Tanya Huff,95,3.98,"score: 1,165",Valor's Choice,16
Connie Willis,96,3.93,"score: 1,142",Bellwether,13
C.S. Friedman,97,4.04,"score: 1,130",This Alien Shore,15
Catherine Asaro (Goodreads Author),98,3.74,"score: 1,119",Primary Inversion,15
Marissa Meyer (Goodreads Author),99,4.29,"score: 1,115",Scarlet,12
Nancy Kress (Goodreads Author),100,3.61,"score: 1,107",Probability Moon,15
Nancy Farmer (Goodreads Author),101,4.10,"score: 1,083",The House of the Scorpion,12
C.J. Cherryh (Goodreads Author),102,4.04,"score: 1,072",Merchanter's Luck,17
Lois Lowry (Goodreads Author),103,3.81,"score: 1,061",Gathering Blue,13
Octavia E. Butler,104,4.19,"score: 1,055",Imago,12
Nicola Griffith (Goodreads Author),105,3.85,"score: 1,034",Slow River,14
Marissa Meyer (Goodreads Author),106,4.45,"score: 1,031",Cress,11
C.J. Cherryh (Goodreads Author),107,4.29,"score: 1,021",Explorer,14
Jo Walton (Goodreads Author),108,3.69,"score: 1,015",Among Others,13
C.J. Cherryh (Goodreads Author),109,3.88,"score: 1,001",Rimrunners,15
Ann Leckie (Goodreads Author),110,4.05,score: 983,Ancillary Sword,12
Jessica Kong (Goodreads Author),111,4.58,score: 982,A Seacat's Love,11
Octavia E. Butler,112,4.16,score: 962,Adulthood Rites,11
Octavia E. Butler,113,4.31,score: 952,Bloodchild and Other Stories,12
C.J. Cherryh (Goodreads Author),114,4.22,score: 951,Precursor,13
Sheri S. Tepper,115,3.82,score: 939,Beauty,11
Lois McMaster Bujold (Goodreads Author),116,4.27,score: 938,The Mountains of Mourning,12
Octavia E. Butler,117,3.87,score: 920,Fledgling,12
Marjorie F. Baldwin (Goodreads Author),118,3.76,score: 901,Conditioned Response,10
Ally Condie (Goodreads Author),119,3.67,score: 889,Matched,10
Elizabeth Moon,120,3.87,score: 884,Hunting Party,13
N.K. Jemisin (Goodreads Author),121,4.32,score: 881,The Fifth Season,10
C.J. Cherryh (Goodreads Author),122,3.77,score: 867,Forty Thousand in Gehenna,14
Ursula K. Le Guin,123,3.72,score: 859,Rocannon's World,12
Mary Doria Russell (Goodreads Author),124,4.06,score: 858,Children of God,9
Joan Slonczewski (Goodreads Author),125,3.97,score: 854,A Door Into Ocean,11
Hillary Jordan (Goodreads Author),126,3.67,score: 851,When She Woke,10
Linnea Sinclair (Goodreads Author),127,liked,score: 849,Games of Command,10
Lois Lowry (Goodreads Author),128,3.91,score: 838,Messenger,11
Julie E. Czerneda (Goodreads Author),129,3.89,score: 837,A Thousand Words for Stranger,11
Sheri S. Tepper,130,liked,score: 831,The Family Tree,10
Lois McMaster Bujold (Goodreads Author),131,4.20,score: 829,Captain Vorpatril's Alliance,11
Cherie Priest (Goodreads Author),132,3.50,score: 819,Boneshaker,12
C.J. Cherryh (Goodreads Author),133,4.19,score: 812,Defender,11
Lissette E. Manning (Goodreads Author),134,3.59,score: 798,Stuck,8
C.J. Cherryh (Goodreads Author),135,4.24,score: 797,Deliverer,10
Ann Leckie (Goodreads Author),136,4.21,score: 796,Ancillary Mercy,9
C.J. Cherryh (Goodreads Author),137,4.24,score: 788,Pretender,11
Ursula K. Le Guin,138,3.99,score: 787,Always Coming Home,10
Kage Baker,139,3.82,score: 775,Sky Coyote,9
Connie Willis,140,3.69,score: 774,Passage,9
C.J. Cherryh (Goodreads Author),141,4.20,score: 772,Destroyer,11
Elizabeth Moon,142,4.06,score: 768,Engaging the Enemy,10
Sharon Lee (Goodreads Author),143,4.51,score: 767,I Dare,11
Ann Aguirre (Goodreads Author),144,3.87,score: 766,Wanderlust,9
C.J. Cherryh (Goodreads Author),145,4.24,score: 750,Conspirator,11
Veronica Roth (Goodreads Author),146,3.63,score: 749,Allegiant,9
C.J. Cherryh (Goodreads Author),147,4.04,score: 737,Chanur's Venture,11
Nancy Farmer (Goodreads Author),148,3.86,score: 736,"The Ear, the Eye, and the Arm",8
Elizabeth Moon,149,4.09,score: 731,Command Decision,9
Anne McCaffrey,150,4.46,score: 724,Dragonflight / Dragonquest,12
Jeanette Winterson,151,3.68,score: 720,The Stone Gods,8
Anne McCaffrey,152,3.94,score: 718,Freedom's Landing,8
C.S. Friedman,153,3.89,score: 714,In Conquest Born,9
Anne McCaffrey,154,4.10,score: 700,Dragonquest,11
C.J. Cherryh (Goodreads Author),155,4.27,score: 698,Deceiver,10
Anne McCaffrey,156,4.03,score: 697,The Rowan,8
Jo Walton (Goodreads Author),157,3.81,score: 691,Farthing,8
Suzette Haden Elgin,158,4.01,score: 683,Native Tongue,9
Diane Duane (Goodreads Author),159,3.82,score: 672,So You Want to Be a Wizard,8
Marge Piercy,160,3.98,score: 670,"He, She and It",7
Rachel Bach (Goodreads Author),161,3.96,score: 669,Fortune's Pawn,8
Elizabeth Bear (Goodreads Author),162,3.70,score: 651,Hammered,9
Moira Young (Goodreads Author),163,3.92,score: 639,Blood Red Road,7
James Tiptree Jr.,164,3.75,score: 638,Brightness Falls from the Air,8
Anne McCaffrey,165,4.02,score: 636,Killashandra,9
Janet E. Morris (Goodreads Author),166,3.97,score: 617,Dream Dancer,7
Kameron Hurley (Goodreads Author),167,3.65,score: 615,God's War,7
Joan D. Vinge,168,3.96,score: 614,Psion,10
Becky Chambers,169,4.17,score: 602,"The Long Way to a Small, Angry Planet",7
Julie E. Czerneda (Goodreads Author),170,3.94,score: 601,Survival,8
Jacqueline Carey (Goodreads Author),171,3.83,score: 593,Santa Olivia,7
Becky Chambers,172,4.36,score: 591,A Closed and Common Orbit,7
C.J. Cherryh (Goodreads Author),173,3.95,score: 589,Cuckoo's Egg,8
Chris Moriarty (Goodreads Author),174,3.78,score: 587,Spin State,7
Janet  Edwards (Goodreads Author),174,3.81,score: 587,Earth Girl,6
Sharon Lee (Goodreads Author),176,4.35,score: 584,Carpe Diem,8
J.M. Johnson (Goodreads Author),177,4.69,score: 581,The Shifter Dimension,6
Ann Aguirre (Goodreads Author),178,4.07,score: 576,Killbox,7
Marion Zimmer Bradley,179,4.09,score: 571,The Saga of the Renunciates,7
J.M. Johnson (Goodreads Author),180,4.84,score: 570,Shadow Team GB,6
C.J. Cherryh (Goodreads Author),181,4.22,score: 564,The Chanur Saga,7
Anne McCaffrey,182,4.18,score: 562,The White Dragon,8
Marion Zimmer Bradley,183,3.74,score: 559,The World Wreckers,8
Ann Aguirre (Goodreads Author),184,3.99,score: 551,Doubleblind,7
Karin Lowachee (Goodreads Author),185,4.07,score: 544,Warchild,7
Elizabeth Moon,185,4.08,score: 544,Marque and Reprisal,7
Nalini Singh (Goodreads Author),187,4.12,score: 543,Slave to Sensation,6
C.J. Cherryh (Goodreads Author),188,3.63,score: 536,Hammerfall,8
Gail Carriger (Goodreads Author),189,3.91,score: 535,Soulless,6
Marion Zimmer Bradley,190,4.06,score: 534,The Forbidden Tower,7
Tanith Lee,191,4.24,score: 533,Biting the Sun,7
Cassandra Clare (Goodreads Author),191,4.33,score: 533,Clockwork Angel,7
Lois Lowry (Goodreads Author),193,3.99,score: 532,Son,7
Lois McMaster Bujold (Goodreads Author),194,4.38,score: 527,Young Miles,7
Elizabeth Moon,195,4.09,score: 521,Victory Conditions,7
Rosemary Kirstein,196,3.98,score: 520,The Steerswoman,7
Kate Elliott (Goodreads Author),196,3.94,score: 520,Jaran,6
Ursula K. Le Guin,198,4.37,score: 516,The Ones Who Walk Away from Omelas,8
Lois McMaster Bujold (Goodreads Author),199,4.12,score: 513,Winterfair Gifts,9
Jeanne DuPrau,200,3.86,score: 509,The City of Ember,6
Sheri S. Tepper,201,3.77,score: 504,Six Moon Dance,6
Catherine Asaro (Goodreads Author),202,3.58,score: 503,The Quantum Rose,7
Ioana Visan,203,4.02,score: 500,Human Instincts,5
J.D. Robb (Goodreads Author),203,4.12,score: 500,Naked in Death,7
Kristy Acevedo (Goodreads Author),203,4.13,score: 500,Consider,5
Becca J. Campbell (Goodreads Author),206,3.59,score: 497,Gateway to Reality,5
C.J. Cherryh (Goodreads Author),207,liked,score: 496,Regenesis,8
Veronica Roth (Goodreads Author),208,4.07,score: 492,Four: A Divergent Story Collection,6
Sara Creasy (Goodreads Author),209,3.63,score: 486,Song of Scarabaeus,6
J.M. Johnson (Goodreads Author),210,4.15,score: 480,The Starbirth Assignment: Shifter,5
N.K. Jemisin (Goodreads Author),210,4.34,score: 480,The Obelisk Gate,5
Elizabeth Hand,212,3.72,score: 477,Winterlong,6
Linnea Sinclair (Goodreads Author),213,3.96,score: 475,An Accidental Goddess,6
Kage Baker,214,3.86,score: 474,Mendoza in Hollywood,6
Marion Zimmer Bradley,215,3.97,score: 472,Thendara House,6
Kristine Kathryn Rusch (Goodreads Author),216,3.76,score: 471,The Disappeared,7
Nalo Hopkinson,217,3.91,score: 470,Midnight Robber,6
Karen Traviss (Goodreads Author),218,3.87,score: 450,City of Pearl,7
Becky Chambers,219,4.17,score: 449,"The Long Way to a Small, Angry Planet",5
Connie Willis,220,4.06,score: 441,All Clear,6
N.K. Jemisin (Goodreads Author),221,4.37,score: 440,The Stone Sky,5
Pamela Sargent (Goodreads Author),222,3.83,score: 433,The Shore of Women,6
Sharon Lee (Goodreads Author),223,4.30,score: 428,Conflict of Honors,6
Catherine Asaro (Goodreads Author),223,3.92,score: 428,The Last Hawk,6
Catherine Fisher,225,3.70,score: 426,Sapphique,5
Kameron Hurley (Goodreads Author),226,3.66,score: 424,The Stars are Legion,5
Elizabeth Bear (Goodreads Author),227,3.84,score: 422,Worldwired,7
Elizabeth Moon,227,4.02,score: 422,Rules of Engagement,7
Suzy McKee Charnas (Goodreads Author),229,3.55,score: 421,Walk to the End of the World,7
C.J. Cherryh (Goodreads Author),230,3.91,score: 418,Serpent's Reach,7
Ursula K. Le Guin,231,3.69,score: 417,Planet of Exile,5
Catherine Fisher,232,3.64,score: 416,Incarceron,5
Marlen Haushofer,233,liked,score: 413,The Wall,5
Diane Duane (Goodreads Author),234,3.97,score: 412,"My Enemy, My Ally",5
Sharon Lee (Goodreads Author),235,4.27,score: 411,Local Custom,6
Nancy Kress (Goodreads Author),236,3.57,score: 408,An Alien Light,6
A.C. Crispin,236,3.96,score: 408,Yesterday's Son,5
Ilona Andrews (Goodreads Author),238,4.07,score: 407,Magic Bites,5
Pat Cadigan (Goodreads Author),239,3.72,score: 406,Synners,5
Ann Aguirre (Goodreads Author),239,4.03,score: 406,Endgame,5
Sharon Lee (Goodreads Author),241,4.40,score: 404,Plan B,7
Madeleine L'Engle,242,4.35,score: 402,The Time Quartet Box Set,5
Kage Baker,243,4.01,score: 400,The Graveyard Game,6
Ann Aguirre (Goodreads Author),243,4.03,score: 400,Aftermath,5
Chris Mandeville (Goodreads Author),243,4.08,score: 400,Seeds,4
E.J. Fisch (Goodreads Author),246,3.86,score: 398,Dakiti,4
Becca J. Campbell (Goodreads Author),247,3.97,score: 396,Foreign Identity,4
Andre Norton,247,3.84,score: 396,Witch World,6
Nnedi Okorafor (Goodreads Author),247,3.96,score: 396,Who Fears Death,5
Ninni Holmqvist,250,3.72,score: 393,The Unit,5
Lois McMaster Bujold (Goodreads Author),251,4.52,score: 392,Miles in Love,7
Karin Boye,251,3.80,score: 392,Kallocain,4
Connie Willis,251,3.83,score: 392,Blackout,6
Michele Fogal (Goodreads Author),254,4.03,score: 391,Root of the Spark,4
R. Lee Smith (Goodreads Author),255,4.09,score: 389,The Last Hour of Gann,4
Barbara Hambly (Goodreads Author),256,3.93,score: 385,Ishmael,5
Catherynne M. Valente (Goodreads Author),257,3.76,score: 384,Radiance,5
Catherine Asaro (Goodreads Author),258,3.78,score: 383,Catch the Lightning,6
Elizabeth Bear (Goodreads Author),259,3.78,score: 378,Scardown,5
Julian May,260,4.07,score: 376,The Many-Colored Land,5
J.M. Johnson (Goodreads Author),260,4.55,score: 376,The Starbirth Assignment: Transmutes,4
Marissa Meyer (Goodreads Author),262,4.48,score: 374,Winter,4
Tara K. Harper,263,3.99,score: 373,Wolfwalker,4
Sharon Lee (Goodreads Author),264,4.40,score: 369,Scout's Progress,5
Ruth Ozeki (Goodreads Author),265,liked,score: 368,A Tale for the Time Being,4
Kage Baker,266,3.79,score: 366,The Empress of Mars,5
Sylvia Engdahl (Goodreads Author),267,3.98,score: 363,The Far Side of Evil,4
Octavia E. Butler,268,3.83,score: 362,Clay's Ark,4
Sheri S. Tepper,269,4.20,score: 357,The True Game,5
Katie Waitman,269,4.27,score: 357,The Merro Tree,5
Emma Bull (Goodreads Author),271,4.02,score: 352,War for the Oaks,5
G. Willow Wilson (Goodreads Author),272,3.84,score: 350,Alif the Unseen,4
Linnea Sinclair (Goodreads Author),273,3.92,score: 349,Finders Keepers,5
Debra Doyle,274,3.90,score: 348,The Price of the Stars,5
Ilona Andrews (Goodreads Author),275,4.19,score: 346,Clean Sweep,4
Sharon Lee (Goodreads Author),276,4.16,score: 345,Agent of Change,6
Emma Bull (Goodreads Author),277,3.85,score: 343,Bone Dance,5
Elizabeth Moon,278,4.16,score: 342,Heris Serrano,4
Ally Condie (Goodreads Author),279,3.52,score: 341,Crossed,4
Toni Morrison,280,3.81,score: 339,Beloved,4
Veronica Roth (Goodreads Author),281,4.17,score: 338,Free Four: Tobias Tells the Divergent Knife-Throwing Scene,4
Ally Condie (Goodreads Author),282,3.56,score: 337,Reached,4
Kass Morgan (Goodreads Author),282,3.57,score: 337,The 100,4
Joan Slonczewski (Goodreads Author),284,4.14,score: 330,Brain Plague,5
Connie Willis,284,3.52,score: 330,Lincoln's Dreams,4
C.S. Friedman,286,4.05,score: 327,The Madness Season,4
Diane Duane (Goodreads Author),287,3.78,score: 323,The Wounded Sky,4
Linnea Sinclair (Goodreads Author),288,3.63,score: 322,The Down Home Zombie Blues,5
Ursula K. Le Guin,288,3.85,score: 322,City of Illusions,5
Nnedi Okorafor (Goodreads Author),288,3.96,score: 322,Binti,4
Andre Norton,291,3.75,score: 321,The Time Traders,5
Eleanor Arnason,292,3.90,score: 320,Ring of Swords,4
Kelley Eskridge (Goodreads Author),292,3.98,score: 320,Solitaire,4
Marion Zimmer Bradley,292,3.71,score: 320,Two to Conquer,5
Ann Aguirre (Goodreads Author),295,3.92,score: 318,Enclave,4
Linda Nagata (Goodreads Author),295,3.90,score: 318,Vast,4
A.C. Crispin,297,4.04,score: 316,Time for Yesterday,4
Laline Paull (Goodreads Author),298,3.69,score: 315,The Bees,4
Connie Willis,299,3.50,score: 310,Uncharted Territory,5
Pamela Sargent (Goodreads Author) (Editor/Contributor),300,4.12,score: 306,"Women of Wonder, the Contemporary Years: Science Fiction by Women from the 1970s to the 1990s",4
C.J. Cherryh (Goodreads Author),301,3.70,score: 304,Wave Without a Shore,4
Lara Adrian (Goodreads Author),302,3.93,score: 302,Kiss of Midnight,4
J.A. Huss,303,3.67,score: 300,Clutch,3
M.H. Soars (Goodreads Author),303,3.83,score: 300,The Prophecy of Arcadia,3
Danelle O'Donnell (Goodreads Author),303,4.17,score: 300,The Founder's Curse,3
Sharleen Nelson (Goodreads Author),303,4.92,score: 300,The Time Tourists,3
Kitty Cook (Goodreads Author),303,4.48,score: 300,Sleeping Together,3
Marion Zimmer Bradley,308,4.02,score: 299,A World Divided,4
M.K. Wren,308,3.88,score: 299,A Gift Upon the Shore,4
Sarah Zettel (Goodreads Author),308,3.88,score: 299,Fool's War,4
Michelle Browne (Goodreads Author),311,3.61,score: 298,...And the Stars Will Sing,3
Tara Ellis (Goodreads Author),311,4.02,score: 298,Bloodline,3
C.J. Cherryh (Goodreads Author),313,4.28,score: 297,Betrayer,4
J.A. Huss,313,4.08,score: 297,Fledge,3
Tara Ellis (Goodreads Author),313,4.39,score: 297,Heritage,3
Rosemary Kirstein,316,4.31,score: 296,The Outskirter's Secret,5
Tara Ellis (Goodreads Author),316,4.45,score: 296,"Forgotten Origins Trilogy - Box Set: Infected, Heritage, Descent",3
E.J. Fisch (Goodreads Author),318,4.20,score: 295,Nexus,3
J.A. Huss,319,4.11,score: 294,Flight,3
Anne McCaffrey,320,3.87,score: 293,Powers That Be,4
Karen Joy Fowler,320,3.72,score: 293,We Are All Completely Beside Ourselves,4
Sheri S. Tepper,322,3.87,score: 290,The Margarets,4
Nnedi Okorafor (Goodreads Author),322,3.63,score: 290,Lagoon,3
Cassandra Clare (Goodreads Author),322,4.45,score: 290,Clockwork Prince,3
Vonda N. McIntyre,325,3.77,score: 289,Nautilus,4
Mur Lafferty (Goodreads Author),325,3.84,score: 289,Six Wakes,3
Catherine Asaro (Goodreads Author),327,3.81,score: 287,Schism,4
Kiera Cass (Goodreads Author),328,4.14,score: 286,The Selection,3
Kage Baker,329,3.88,score: 284,The Sons of Heaven,4
Scarlett Thomas (Goodreads Author),329,3.79,score: 284,The End of Mr. Y,4
Ada Palmer (Goodreads Author),329,3.82,score: 284,Too Like the Lightning,3
Kelly Sue DeConnick (Goodreads Author) (Writer),332,4.05,score: 282,"Bitch Planet, Vol. 1: Extraordinary Machine",3
Lisa Mason (Goodreads Author),333,3.89,score: 281,The Golden Nineties,3
Elizabeth Bear (Goodreads Author),334,3.65,score: 280,Dust,4
C.J. Cherryh (Goodreads Author),334,4.15,score: 280,Chanur's Homecoming,5
Susan  Kay,334,4.33,score: 280,Phantom,3
Margaret Peterson Haddix,337,3.98,score: 279,Among the Hidden,4
Sandra McDonald,337,3.43,score: 279,The Outback Stars,4
Elizabeth Bear (Goodreads Author),339,3.59,score: 278,Carnival,4
Malka Ann Older (Goodreads Author),339,3.54,score: 278,Infomocracy,3
Marion Zimmer Bradley,341,3.77,score: 276,City of Sorcery,4
Jacqueline Koyanagi (Goodreads Author),341,3.57,score: 276,Ascension,3
H.B.  Morris (Goodreads Author),341,4.85,score: 276,Genie-Alogy,3
C.J. Cherryh (Goodreads Author),344,3.87,score: 275,Rider at the Gate,4
Rinelle Grey (Goodreads Author),344,3.53,score: 275,Reckless Rescue,3
Melissa Scott (Goodreads Author),346,3.81,score: 274,Trouble and Her Friends,3
Holly Black (Goodreads Author),346,3.85,score: 274,The Coldest Girl in Coldtown,3
Claire North,348,4.04,score: 273,The First Fifteen Lives of Harry August,3
Laura Thalassa (Goodreads Author),349,3.89,score: 270,The Vanishing Girl,3
Sheri S. Tepper,350,3.93,score: 269,The Fresco,3
Kristine Kathryn Rusch (Goodreads Author),350,3.53,score: 269,Diving into the Wreck,5
Pamela Sargent (Goodreads Author) (Editor),352,4.20,score: 267,"Women of Wonder, the Classic Years: Science Fiction by Women from the 1940s to the 1970s",4
Maria V. Snyder (Goodreads Author),352,3.82,score: 267,Inside Out,3
Karen Lord,354,3.59,score: 266,The Best of All Possible Worlds,3
Margaret Weis (Goodreads Author),355,4.15,score: 265,Time of the Twins,3
Karen Joy Fowler,356,3.45,score: 264,Sarah Canary,3
Kage Baker,357,3.85,score: 262,The Children of the Company,4
Sara Creasy (Goodreads Author),357,3.78,score: 262,Children of Scarabaeus,3
Ursula K. Le Guin,357,liked,score: 262,A Fisherman of the Inland Sea,3
Ann Aguirre (Goodreads Author),360,3.89,score: 259,Perdition,4
Ursula K. Le Guin,361,4.21,score: 258,"Worlds of Exile and Illusion: Rocannon's World, Planet of Exile, City of Illusions",3
Margaret Peterson Haddix,362,3.73,score: 257,Turnabout,3
Kathleen Ann Goonan,362,3.46,score: 257,Queen City Jazz,3
Sharon Lee (Goodreads Author),364,4.47,score: 256,Partners In Necessity,4
Kristine Kathryn Rusch (Goodreads Author),364,3.96,score: 256,Extremes,4
Tanith Lee,366,3.90,score: 255,"Sabella, or, The Bloodstone",3
Karen Lord,366,3.85,score: 255,Redemption in Indigo,3
C.J. Cherryh (Goodreads Author),368,3.97,score: 253,The Collected Short Fiction of C.J. Cherryh,4
Linda Nagata (Goodreads Author),368,3.88,score: 253,The Bohr Maker,3
Linnea Sinclair (Goodreads Author),370,3.63,score: 251,Gabriel's Ghost,5
Brenda Cooper (Goodreads Author),371,3.63,score: 250,The Silver Ship and the Sea,3
Gemma Malley,371,3.71,score: 250,The Declaration,3
Susan Grant (Goodreads Author),373,3.70,score: 248,Contact,4
Carolyn Ives Gilman,374,liked,score: 247,Halfway Human,3
Gwyneth Jones,374,3.47,score: 247,Life,3
Linnea Sinclair (Goodreads Author),374,3.86,score: 247,Shades of Dark,4
Elizabeth Bear (Goodreads Author),374,3.55,score: 247,New Amsterdam,4
Kage Baker,378,3.94,score: 246,The Life of the World to Come,4
Eleanor Arnason,378,3.82,score: 246,A Woman of the Iron People,4
Carolyn Ives Gilman,380,3.67,score: 243,Dark Orbit,3
Franz Kafka,381,3.80,score: 242,La Métamorphose,3
Jo Walton (Goodreads Author),382,3.77,score: 241,My Real Children,3
Gwyneth Jones,383,3.37,score: 240,White Queen,3
Diane Duane (Goodreads Author),383,3.93,score: 240,The Romulan Way,3
Elizabeth Moon,383,3.97,score: 240,Sporting Chance,4
J.M. Dillard,386,3.56,score: 239,Demons,3
Kass Morgan (Goodreads Author),387,3.75,score: 238,Day 21,3
Margaret Peterson Haddix,388,4.02,score: 237,Double Identity,3
Elizabeth Moon,389,4.06,score: 236,Once a Hero,4
Marion Zimmer Bradley,390,4.08,score: 234,The Forbidden Circle,3
Susan Grant (Goodreads Author),390,3.59,score: 234,The Legend of Banzai Maguire,4
Janet E. Morris (Goodreads Author),392,4.01,score: 233,Cruiser Dreams,3
Elizabeth Moon,393,3.99,score: 228,Change of Command,3
Marion Zimmer Bradley,394,4.08,score: 227,Heritage and Exile,3
C.J. Cherryh (Goodreads Author),394,3.82,score: 227,Alternate Realities,3
Carol Emshwiller,396,3.69,score: 225,The Mount,3
Ilona Andrews (Goodreads Author),396,4.52,score: 225,Magic Breaks,3
Sharon Lee (Goodreads Author),396,4.43,score: 225,The Dragon Variation,3
J.M. Dillard,399,3.53,score: 222,Mindshadow,3
Rokeya Sakhawat Hossain,399,3.88,score: 222,Sultana's Dream: And Selections from The Secluded Ones,3
Mary E. Pearson (Goodreads Author),401,3.69,score: 221,The Adoration of Jenna Fox,3
Leigh Brackett,402,4.03,score: 220,The Best of Leigh Brackett,4
Pamela Zoline,403,3.89,score: 219,The Heat Death of the Universe and Other Stories,3
Emmi Itäranta (Goodreads Author),404,3.71,score: 217,Memory of Water,3
C.J. Cherryh (Goodreads Author),405,3.90,score: 215,Tripoint,4
J.M. Dillard,405,3.56,score: 215,Bloodthirst,3
Nnedi Okorafor (Goodreads Author),405,3.97,score: 215,The Shadow Speaker,3
Ilona Andrews (Goodreads Author),405,4.44,score: 215,Magic Strikes,3
Marion Zimmer Bradley,409,3.96,score: 214,The Alton Gift,3
Nalo Hopkinson,410,3.85,score: 213,Brown Girl in the Ring,3
Tanya Huff,411,4.18,score: 212,A Confederation of Valor,5
Sigrid Nunez,411,2.99,score: 212,Salvation City,3
C.J. Cherryh (Goodreads Author),413,4.07,score: 211,Finity's End,4
Catherine Asaro (Goodreads Author),413,3.93,score: 211,The Final Key,3
Kage Baker,415,3.61,score: 210,Not Less Than Gods,3
Ursula K. Le Guin,415,3.81,score: 210,Changing Planes,3
Marion Zimmer Bradley,415,4.03,score: 210,The Heritage of Hastur,3
Julianna Baggott (Goodreads Author),418,3.74,score: 208,Pure,3
Sherrilyn Kenyon (Goodreads Author),419,4.19,score: 206,Born of the Night,3
Sheila Finch,420,3.48,score: 201,The Guild of Xenolinguists,3
Susan Grant (Goodreads Author),420,3.75,score: 201,Moonstruck,4
Susan Jane Bigelow (Goodreads Author),422,3.49,score: 200,Broken,2
Elyse Draper (Goodreads Author),422,3.96,score: 200,Freewill,2
Pippa Jay (Goodreads Author),422,4.47,score: 200,Reboot,2
Alison Sinclair (Goodreads Author),422,3.69,score: 200,Cavalcade,2
Lani Woodland (Goodreads Author),422,4.41,score: 200,Stronger,2
Katherine McIntyre (Goodreads Author),422,3.73,score: 200,An Airship Named Desire,2
Leonie Rogers (Goodreads Author),422,4.23,score: 200,Frontier Resistance,2
M.A. Phipps (Goodreads Author),422,4.13,score: 200,Ultraxenopia,2
Jamie Zakian (Goodreads Author),422,3.29,score: 200,Emergence,2
Christina Engela (Goodreads Author),422,4.08,score: 200,Blachart,2
M.C. Frank (Goodreads Author),422,3.98,score: 200,No Ordinary Star,2
Rori I. (Goodreads Author),422,4.06,score: 200,Republic's Chosen,2
Julie E. Czerneda (Goodreads Author),422,4.11,score: 200,Search Image,2
Zoe Robertson (Goodreads Author),422,4.24,score: 200,Insatiable Machine,2
Haley Cavanagh (Goodreads Author),422,4.24,score: 200,Astraeus,2
Michelle Browne (Goodreads Author),437,4.04,score: 199,The Stolen: Two Short Stories,2
Emily Devenport (Goodreads Author),437,3.73,score: 199,Broken Time,2
Autumn Christian (Goodreads Author),439,3.86,score: 198,The Crooked God Machine,2
Leonie Rogers (Goodreads Author),439,4.27,score: 198,Frontier Incursion,2
S. Usher Evans (Goodreads Author),441,3.97,score: 197,Double Life,2
Ilona Andrews (Goodreads Author),441,4.46,score: 197,Magic Bleeds,3
Sue Burke (Goodreads Author),441,3.94,score: 197,Semiosis,2
J.C. Cassels (Goodreads Author),444,4.17,score: 196,Hero's End,2
Stephanie Saulter (Goodreads Author),444,4.14,score: 196,Binary,2
Susan Palwick,446,3.88,score: 195,Shelter,3
J.C. Cassels (Goodreads Author),446,3.67,score: 195,Tales From The SFR Brigade,2
Sarah A. Hoyt,446,3.73,score: 195,A Few Good Men,2
Misa Buckley (Goodreads Author),449,4.50,score: 194,Star Attraction,2
Ilona Andrews (Goodreads Author),449,4.28,score: 194,Gunmetal Magic,3
Susan Ee (Goodreads Author),449,4.17,score: 194,Angelfall,2
Valjeanne Jeffers (Goodreads Author),452,4.71,score: 193,Stealer of Souls,2
Kit Reed,452,3.17,score: 193,Thinner Than Thou,2
G.S. Jennsen (Goodreads Author),452,4.32,score: 193,Transcendence: Aurora Rising Book Three,2
Shanna Lauffey,452,3.89,score: 193,Time Shifters,2
Jane S. Fancher,456,3.64,score: 192,Groundties,3
R. Lee Smith (Goodreads Author),456,3.81,score: 192,Heat,2
Abi Ketner (Goodreads Author),456,4.13,score: 192,Hunted,2
Chris Moriarty (Goodreads Author),459,3.78,score: 191,Spin Control,3
Julian May,459,3.65,score: 191,Perseus Spur,2
Pippa Jay (Goodreads Author),459,4.62,score: 191,Gethyon,2
Christie Yant (Goodreads Author) (Editor),459,4.12,score: 191,"Lightspeed Magazine, June 2014: Women Destroy Science Fiction! Special Issue",3
C.J. Cherryh (Goodreads Author),463,4.09,score: 190,The Kif Strike Back,5
Marion Zimmer Bradley (Editor / Contributor),464,3.91,score: 189,Towers of Darkover,3
C.J. Cherryh (Goodreads Author),464,4.09,score: 189,Chanur's Legacy,4
Veronica Roth (Goodreads Author),464,3.77,score: 189,Carve the Mark,2
Misa Buckley (Goodreads Author),467,4.15,score: 188,Tin Cat,2
Kathleen Ann Goonan,467,3.66,score: 188,Crescent City Rhapsody,2
Melisse Aires (Goodreads Author),467,3.41,score: 188,Her Cyborg Awakes,2
Daphne du Maurier,467,3.85,score: 188,The House on the Strand,2
E.J. Fisch (Goodreads Author),467,4.40,score: 188,Ronan,2
Abbi Glines (Goodreads Author),472,4.19,score: 187,Fallen Too Far,2
L. Timmel Duchamp,473,3.65,score: 186,Alanya to Alanya,2
Tara K. Harper,473,4.09,score: 186,Shadow Leader,2
Jessica E. Subject (Goodreads Author),473,3.71,score: 186,Unknown Futures,2
J M Johnson,476,was,score: 185,Shadow Team GB,2
C.J. Cherryh (Goodreads Author),477,3.96,score: 184,Glass and Amber,3
C.J. Cherryh (Goodreads Author),478,4.22,score: 183,Alliance Space,3
Sharon Lee (Goodreads Author),478,4.52,score: 183,Pilots Choice,3
Anne McCaffrey,478,4.06,score: 183,Dragondrums,3
Jennifer L. Armentrout (Goodreads Author),478,4.42,score: 183,Origin,2
Marion Zimmer Bradley (Editor / Contributor),482,3.85,score: 182,Red Sun of Darkover,3
C.J. Cherryh (Goodreads Author),483,3.70,score: 181,Sunfall,3
Connie Willis,484,3.37,score: 180,Remake,4
Marianne de Pierres (Goodreads Author),484,3.98,score: 180,Transformation Space,2
Jeanne DuPrau,484,3.66,score: 180,The People of Sparks,2
Linnea Sinclair (Goodreads Author),487,3.93,score: 179,Rebels and Lovers,3
Marion Zimmer Bradley (Editor / Contributor),487,3.82,score: 179,Snows of Darkover,3
Margaret Peterson Haddix,487,3.98,score: 179,Found,2
Jenna Black (Goodreads Author),490,3.45,score: 178,Replica,2
Janet E. Morris (Goodreads Author),490,4.26,score: 178,The Golden Sword,2
Tananarive Due (Goodreads Author),492,3.92,score: 177,The Good House,2
Doris Egan,492,4.18,score: 177,The Complete Ivory,3
Clare Bell (Goodreads Author),492,4.04,score: 177,Ratha's Creature,2
Catherine Asaro (Goodreads Author),492,3.94,score: 177,The Moon's Shadow,2
Rachel Bach (Goodreads Author),492,3.98,score: 177,Honor's Knight,2
Rachel Bach (Goodreads Author),492,3.95,score: 177,Heaven's Queen,2
Ayn Rand,492,3.63,score: 177,Anthem,2
Diana Wynne Jones,499,3.87,score: 176,Enchanted Glass,2
C.E. Kilgore (Goodreads Author),499,3.67,score: 176,Ghost in the Machine,2
Leigh Brackett,501,3.73,score: 175,The Hounds of Skaith,2
Lauren Oliver (Goodreads Author),501,4.06,score: 175,Pandemonium,2
Marion Zimmer Bradley,501,3.79,score: 175,The Planet Savers & The Sword of Aldones,3
Anne McCaffrey,501,liked,score: 175,Damia,2
Kage Baker,505,3.88,score: 174,The Machine's Child,3
J.C. Cassels (Goodreads Author),506,3.96,score: 173,Sovran's Pawn,2
Jamie Grey (Goodreads Author),506,3.50,score: 173,The Star Thief,2
C.J. Cherryh (Goodreads Author),508,3.79,score: 172,Heavy Time,3
Susan Ee (Goodreads Author),508,4.10,score: 172,End of Days,2
Claudia Gray (Goodreads Author),508,3.92,score: 172,A Thousand Pieces of You,2
Martha Wells (Goodreads Author),511,3.70,score: 171,Razor's Edge,3
A.C. Crispin,511,3.85,score: 171,Starbridge,2
Angélica Gorodischer,513,3.97,score: 170,Kalpa Imperial: The Greatest Empire That Never Was,2
Joan D. Vinge,513,4.05,score: 170,The Summer Queen,3
Jaine Fenn (Goodreads Author),515,3.94,score: 168,Downside Girls,2
Greta van der Rol (Goodreads Author),515,3.77,score: 168,Starheart,2
Mary Gentle,515,3.64,score: 168,Ancient Light,2
Mary Gentle,515,3.73,score: 168,Golden Witchbreed,2
Marianne de Pierres (Goodreads Author),519,3.98,score: 167,Mirror Space,2
Mira Grant,519,3.85,score: 167,Feed,2
Joanna Russ,521,3.60,score: 166,The Two Of Them,2
L.A. Banks,521,3.99,score: 166,The Awakening,2
Pamela Sargent (Goodreads Author),521,3.58,score: 166,Venus of Dreams,2
Andre Norton,521,3.85,score: 166,Outside,2
Madeleine L'Engle,521,4.15,score: 166,A Ring of Endless Light,2
Karin Tidbeck (Goodreads Author),521,4.07,score: 166,Jagannath,2
Charlotte Perkins Gilman,527,3.50,score: 165,Herland,4
Ilona Andrews (Goodreads Author),528,3.89,score: 164,A Mere Formality,2
N.K. Jemisin (Goodreads Author),528,3.84,score: 164,The Hundred Thousand Kingdoms,2
Sarah A. Hoyt,530,3.59,score: 163,DarkShip Thieves,2
Vonda N. McIntyre,530,3.65,score: 163,Superluminal,3
Sharon Lynn Fisher (Goodreads Author),530,3.60,score: 163,Ghost Planet,3
Jean Lorrah,530,3.88,score: 163,The Vulcan Academy Murders,2
Marion Zimmer Bradley (Editor / Contributor),534,3.84,score: 162,Four Moons of Darkover,3
Lisa Mason (Goodreads Author),535,3.73,score: 161,Pangaea  Book I: Imperium Without End,2
Pippa Jay (Goodreads Author),535,3.70,score: 161,Keir,2
Andre Norton,535,3.83,score: 161,Key Out of Time,2
Veronica  Scott (Goodreads Author),538,3.96,score: 160,Wreck of the Nebula Dream,2
Elizabeth Hand,539,3.98,score: 159,Æstival Tide,2
Marion Zimmer Bradley,539,3.74,score: 159,The House Between the Worlds,2
Zenna Henderson,541,4.34,score: 157,Pilgrimage: The Book of the People,3
Pippa Jay (Goodreads Author),542,4.29,score: 156,The Bones of the Sea,2
Diana Wynne Jones,543,3.99,score: 154,Hexwood,2
Susan Kim,543,3.67,score: 154,Brain Camp,2
Rachel Caine (Goodreads Author),543,3.92,score: 154,Glass Houses,2
Misa Buckley (Goodreads Author),543,3.70,score: 154,Ironhaven,2
Wen Spencer (Goodreads Author),543,4.07,score: 154,Tinker,5
Madeleine L'Engle,548,3.99,score: 153,Many Waters,2
Pauline Baird Jones (Goodreads Author),549,3.82,score: 152,The Key,2
Linda Buckley-Archer (Goodreads Author),549,3.72,score: 152,The Time Travelers,2
Jessica E. Subject (Goodreads Author),551,3.82,score: 151,Celestial Seduction,2
Marianne de Pierres (Goodreads Author),552,3.51,score: 150,Nylon Angel,2
C.J. Cherryh (Goodreads Author),553,3.93,score: 149,Cloud's Rider,3
Ursula K. Le Guin,553,3.90,score: 149,The Telling,2
L. Timmel Duchamp,555,4.32,score: 148,Stretto,2
Anne McCaffrey,555,3.99,score: 148,Moreta: Dragonlady of Pern,4
Anna North (Goodreads Author),555,3.08,score: 148,America Pacifica,2
L. Timmel Duchamp,558,3.95,score: 145,Renegade,2
Susan R. Matthews,558,3.88,score: 145,An Exchange of Hostages,2
Joan D. Vinge,558,3.61,score: 145,Tangled Up in Blue,4
Ilona Andrews (Goodreads Author),558,4.34,score: 145,Burn for Me,2
Valerie J. Freireich,562,3.95,score: 144,Testament,2
Sarah Hall,562,3.39,score: 144,Daughters of the North,2
Catherynne M. Valente (Goodreads Author),562,4.12,score: 144,Silently and Very Fast,2
Ilona Andrews (Goodreads Author),562,4.35,score: 144,Magic Gifts,2
C.J. Barry,566,3.89,score: 143,Unraveled,2
Vonda N. McIntyre,567,3.60,score: 141,The Exile Waiting,3
James Tiptree Jr.,568,3.94,score: 140,The Girl Who Was Plugged In/Screwtop,3
Rosemary Kirstein,569,4.25,score: 139,The Lost Steersman,2
A.C. Crispin,569,3.49,score: 139,The Eyes of the Beholders,2
C.J. Cherryh (Goodreads Author),571,3.50,score: 138,Hestia,3
Julie E. Czerneda (Goodreads Author),571,4.08,score: 138,Migration,2
C.J. Cherryh (Goodreads Author),571,3.93,score: 138,Gate of Ivrel,4
Sheri S. Tepper,574,3.80,score: 137,The Visitor,2
Rosemary Kirstein,574,4.33,score: 137,The Language of Power,2
Caragh M. O'Brien (Goodreads Author),574,3.77,score: 137,Promised,2
Sarah A. Hoyt,574,3.76,score: 137,Darkship Renegades,2
Karen Thompson Walker (Goodreads Author),578,3.64,score: 136,The Age of Miracles,2
Moto Hagio,578,4.13,score: 136,A Drunken Dream and Other Stories,2
Gwyneth Jones,580,3.52,score: 135,"Spirit: or, The Princess of Bois Dormant",2
Caragh M. O'Brien (Goodreads Author),580,3.98,score: 135,Prized,2
Jane S. Fancher,582,3.72,score: 134,Uplink,2
Eleanor Arnason,582,3.80,score: 134,In the Light of Sigma Draconis,2
Gennifer Albin (Goodreads Author),582,3.68,score: 134,Altered,2
Eve Kenin,585,3.64,score: 133,Driven,3
Caragh M. O'Brien (Goodreads Author),585,3.89,score: 133,Birthmarked,2
Tananarive Due (Goodreads Author),587,4.18,score: 132,My Soul to Keep,2
Lisa Mason (Goodreads Author),587,3.57,score: 132,Arachne,2
Tanith Lee,587,3.75,score: 132,The Birthgrave,3
Suzanne Young (Goodreads Author),590,4.06,score: 131,The Program,2
Gennifer Albin (Goodreads Author),590,3.73,score: 131,Crewel,2
Sharon Shinn,592,3.30,score: 130,Jenna Starborn,2
Pat Cadigan (Goodreads Author),593,3.76,score: 129,Mindplayers,2
Pat Murphy (Goodreads Author),593,3.48,score: 129,Adventures in Time and Space with Max Merriwell,2
Aubrie Dionne (Goodreads Author),595,4.21,score: 127,Nebula's Music,2
T.K. Toppin (Goodreads Author),595,4.37,score: 127,The Lancaster Rule,2
Nancy Kress (Goodreads Author),595,3.47,score: 127,"After the Fall, Before the Fall, During the Fall",3
Pat Cadigan (Goodreads Author),598,3.71,score: 126,Fools,2
Wen Spencer (Goodreads Author),598,4.20,score: 126,Wolf Who Rules,4
Marianne de Pierres (Goodreads Author),600,3.35,score: 125,Dark Space,2
C.J. Cherryh (Goodreads Author),601,3.70,score: 123,Brothers of Earth,2
Jody Lynn Nye (Goodreads Author),601,3.77,score: 123,Taylor's Ark,2
Janet Kagan,603,4.42,score: 122,Hellspark,2
Emma Bull (Goodreads Author),604,3.82,score: 120,Falcon,2
Julie E. Czerneda (Goodreads Author),604,3.96,score: 120,Beholder's Eye,2
Linnea Sinclair (Goodreads Author),604,3.98,score: 120,Hope's Folly,2
C.J. Cherryh (Goodreads Author),607,3.81,score: 119,Hunter of Worlds,2
Sarah Crossan (Goodreads Author),607,3.70,score: 119,Breathe,2
Julia Karr (Goodreads Author),607,3.45,score: 119,XVI,2
Zenna Henderson,610,4.31,score: 118,The Anything Box,2
C.J. Cherryh (Goodreads Author),611,3.80,score: 117,Forge of Heaven,4
James Tiptree Jr.,611,3.97,score: 117,Up the Walls of the World,2
Storm Constantine (Goodreads Author),613,3.94,score: 116,Wraeththu,2
Marion Zimmer Bradley,614,3.83,score: 115,Hunters of the Red Moon,2
Madeline Ashby (Goodreads Author),615,3.43,score: 113,vN,2
James Tiptree Jr.,615,3.99,score: 113,Ten Thousand Light-Years From Home,2
Sandra McDonald,617,3.41,score: 112,The Stars Down Under,3
Elizabeth Bear (Goodreads Author),618,3.74,score: 111,Karen Memory,2
Brenda Cooper (Goodreads Author),619,3.01,score: 109,The Creative Fire,2
Karin Lowachee (Goodreads Author),619,3.92,score: 109,Burndive,2
Anne McCaffrey,621,liked,score: 107,Crystal Line,2
Karin Lowachee (Goodreads Author),622,4.01,score: 106,Cagebird,2
Gwyneth Jones,623,3.37,score: 105,North Wind,2
Jaine Fenn (Goodreads Author),623,3.50,score: 105,Principles of Angels,2
Cathy Pegau (Goodreads Author),625,3.51,score: 104,Caught in Amber,2
Diane Dooley (Goodreads Author),626,2.95,score: 103,Blue Galaxy,2
Jessica E. Subject (Goodreads Author),626,3.65,score: 103,Made for Her,2
Marlys Millhiser,628,4.04,score: 102,The Mirror,2
Leigh Brackett,629,3.75,score: 100,The Ginger Star,1
Christine Amsden (Goodreads Author),629,3.69,score: 100,The Immortality Virus,1
Belinda McBride (Goodreads Author),629,3.63,score: 100,An Uncommon Whore,1
Lisa Eskra (Goodreads Author),629,4.07,score: 100,Astra: The Harrowing,1
Ruth Willerth,629,4.14,score: 100,A Matter of Honor,2
Lissa Bilyk (Goodreads Author),629,3.63,score: 100,The Edge of Darkness,1
Gretchen Hummel (Goodreads Author),629,4.25,score: 100,Dreamer's Island,1
Jess Anastasi (Goodreads Author),629,was,score: 100,Singularity,1
Sharon Delarose (Goodreads Author),629,liked,score: 100,The Cantor Dimension,1
Susan  Cartwright (Goodreads Author),629,3.61,score: 100,Wolf Dawn,1
Caron Cro (Goodreads Author),629,4.16,score: 100,"Tierra del Fuego, Colony Ship; Parting Shots",1
Barbara Rayne (Goodreads Author),629,3.29,score: 100,21 Erased,1
Anna LaForge (Goodreads Author),629,3.83,score: 100,The Marcella Fragment,1
Tamara Jock,629,4.75,score: 100,The Willow and the Stone,1
Monica La Porta (Goodreads Author),629,3.72,score: 100,The Priest,1
Phyllis Gotlieb,629,3.56,score: 100,Sunburst,1
Christine  Brown (Goodreads Author),629,3.77,score: 100,Blood and Matzah,1
Tonya Cannariato (Goodreads Author),629,4.11,score: 100,Dementional,1
Catherine Helen Spence,629,3.54,score: 100,A week in the future : Catherine Helen Spence's 1888 forecast of life in 1988,1
Nancy J. Price (Goodreads Author),629,3.86,score: 100,Dream of Time,1
S.J. Hollis (Goodreads Author),629,4.08,score: 100,Bounty Hunter,1
C.C. Alma (Goodreads Author),629,3.89,score: 100,The Earth Girl and Queen Eliza,1
Gina DeMarco (Goodreads Author),629,3.87,score: 100,The Neanderthal's Aunt,1
Kaye Wagner (Goodreads Author),629,3.25,score: 100,Legendary Detective at the World's End,1
J.S. Blackman,629,4.38,score: 100,Time Travels: The First Adventures,1
Autumn Kalquist (Goodreads Author),629,3.39,score: 100,Legacy Code,1
Kari Aguila (Goodreads Author),629,3.69,score: 100,Women's Work,1
Anna  Hammond (Goodreads Author),629,3.80,score: 100,Fomatsu,1
Michelle O'Leary (Goodreads Author),629,3.94,score: 100,The Third Sign,1
Justina Robson (Goodreads Author),629,3.61,score: 100,Natural History,1
Rae Lori (Goodreads Author),629,liked,score: 100,Cimmerian City,1
Jamie Le Fay (Goodreads Author),629,3.70,score: 100,Ange'el,1
Clare O'Beara (Goodreads Author),629,4.28,score: 100,Dining Out Around the Solar System,1
Renee N. Meland (Goodreads Author),629,4.07,score: 100,The Extraction List,1
Annabel Smith (Goodreads Author),629,4.03,score: 100,The Ark,1
Tracie Molton (Goodreads Author),629,3.29,score: 100,Genetically Altered,1
Cherise Kelley (Goodreads Author),629,3.59,score: 100,Dog Aliens 1: Raffle's Name,1
Jeno Marz (Goodreads Author),629,4.19,score: 100,Falaha's Journey: A Spacegirl's Account in Three Movements,1
K.N. Lee (Goodreads Author),629,4.31,score: 100,Dark Prophet,1
Molly Tabachnikov,629,3.75,score: 100,Lessons in Space,1
Robin Glassey (Goodreads Author),629,4.65,score: 100,The Least of Elves,1
Charlotte McGary (Goodreads Author),629,4.50,score: 100,The Dream Crystals of Gandara,1
Ronel van Tonder (Goodreads Author),629,4.26,score: 100,Compile: Quest,1
Quoleena Sbrocca (Goodreads Author),629,3.80,score: 100,The Crossing Hour,1
Allyson Lindt (Goodreads Author),629,liked,score: 100,Return to Emerald City,1
Stephanie Saulter (Goodreads Author),629,3.80,score: 100,Gemsigns,1
Dorothy Gravelle (Goodreads Author),629,3.73,score: 100,Where the Deer Dwell,1
Nix Whittaker (Goodreads Author),629,4.18,score: 100,Hero is a Man,1
C.S. Royce (Goodreads Author),629,4.67,score: 100,Transmutation of Noah,1
Kristin Cast (Goodreads Author),629,3.39,score: 100,Amber Smoke,1
Britt DeLaney (Goodreads Author),629,4.20,score: 100,Captured By The Hunter,1
M.J. Moores (Goodreads Author),629,4.56,score: 100,Time's Tempest,1
Cary Neeper (Goodreads Author),629,liked,score: 100,The Webs of Varok,1
H.B. Clementine,629,3.13,score: 100,Nothing But Your Memories,1
Hywela Lyn (Goodreads Author),629,4.43,score: 100,Starquest,1
Holly Cave (Goodreads Author),629,3.69,score: 100,The Generation,1
Elizabeth C. Robinson (Goodreads Author),629,was,score: 100,Talismen: Birthstones,1
Stephanie Ricker (Goodreads Author),629,4.08,score: 100,The Battle of Castle Nebula,1
S.B.K. Burns (Goodreads Author),629,3.29,score: 100,A Far Far Better Thing,1
Michelle Medhat (Goodreads Author),629,3.76,score: 100,Connected: The Call,1
J.D. Brewer (Goodreads Author),629,4.18,score: 100,Vagabond,1
D.L. Orton (Goodreads Author),629,4.10,score: 100,Crossing in Time,1
Peyton Reynolds (Goodreads Author),629,4.06,score: 100,Auguries of Dawn,1
Aeyess (Goodreads Author),629,4.56,score: 100,The Adventures of Armstrong Dent: The Complete First Season,1
Ann Christy (Goodreads Author),629,3.91,score: 100,The In-Betweener,1
Christy  Newman (Goodreads Author),629,4.37,score: 100,Talwan's Vengeance,1
N.M. Sotzek (Goodreads Author),629,4.25,score: 100,Revealing the Revolution,1
Christina Grant (Goodreads Author),629,4.67,score: 100,Being Human,1
Jessica Frances (Goodreads Author),629,3.82,score: 100,Earth,1
Cynthia Farr-Weinfeld (Goodreads Author),629,4.75,score: 100,Dreamland Tree,1
Rae Gee (Goodreads Author),629,3.69,score: 100,Mars on the Rise,1
Charlee Allden (Goodreads Author),629,3.88,score: 100,Deadly Lover,1
Apryl Baker (Goodreads Author),629,4.14,score: 100,The Ghost Files,1
Suzanne Ripley (Goodreads Author),629,4.38,score: 100,Lahkia: Heir of Darkness,1
S.A. Hoag (Goodreads Author),629,4.64,score: 100,The Vista,1
Sharon VanOrman (Goodreads Author),629,4.54,score: 100,Lazarus Code,1
Margrét Helgadóttir (Goodreads Author),629,3.67,score: 100,The Stars Seem so Far Away,1
Fémi Peters (Goodreads Author),629,was,score: 100,The Nyxers,1
Priscilla Reno,629,liked,score: 100,Waterstone,1
Kate   Whitaker (Goodreads Author),629,4.33,score: 100,Uncommon Animals: Omnibus Edition,1
Gwendolyn Womack (Goodreads Author),629,3.84,score: 100,The Memory Painter,1
Jenny Lynne (Goodreads Author),629,4.23,score: 100,Above the Sky,1
Elizabeth  Stephens (Goodreads Author),629,4.18,score: 100,Population,1
Kameron Hurley (Goodreads Author),629,3.49,score: 100,The Mirror Empire,1
Clea Saal (Goodreads Author),629,was,score: 100,Laira,1
R.A. Burg,629,3.67,score: 100,The Human and the Hunted,1
Ruby Debeau,629,3.50,score: 100,The Right Thing Hurts,1
Tessa Maurer (Goodreads Author),629,was,score: 100,The Toxic Children,1
Sharon Cramer (Goodreads Author),629,4.16,score: 100,The Cerulean Star: LIBERTY,1
C. Addams (Goodreads Author),629,0.00,score: 100,Salvage,1
K.L. Tharp,629,4.78,score: 100,For A Brother's Honor,1
Deborah L. Pearson,629,4.50,score: 100,Passage of Destiny,1
Amie Kaufman (Goodreads Author),629,4.31,score: 100,Illuminae,1
S.S. Delaunay (Goodreads Author),629,was,score: 100,Off-Worlders,1
Louise Wise (Goodreads Author),629,4.15,score: 100,Wide Awake Asleep,1
Jayge Carr,629,3.88,score: 100,Leviathan's Deep,1
Vera Brook (Goodreads Author),629,3.94,score: 100,Sand Runner,1
Catherine Dufour,629,3.58,score: 100,Le Goût de l'immortalité,1
Amy Hoff (Goodreads Author),629,4.05,score: 100,Caledonia,1
Wendy Nikel (Goodreads Author),629,3.86,score: 100,The Continuum,1
Terri Favro (Goodreads Author),629,3.84,score: 100,Sputnik's Children,1
Suzanne Marine (Goodreads Author),629,was,score: 100,Free Beast,1
V.E. Schwab,629,4.26,score: 100,Vicious,1
Rosalie Morales Kearns (Goodreads Author),629,4.30,score: 100,Kingdom of Women,1
B.C. Nyren (Goodreads Author),629,4.09,score: 100,After Bees,1
Samantha Heuwagen (Goodreads Author),629,4.48,score: 100,Dawn Among the Stars,1
R.K. Appling (Goodreads Author),629,was,score: 100,The Solterian Keeper and the Enchanted Talisman,1
Corin Reyburn (Goodreads Author),629,was,score: 100,The Rise of Saint Fox and The Independence,1
Claire Rye (Goodreads Author),629,4.50,score: 100,Mary Brooks:  A matter of time,1
Lizzie Newell (Goodreads Author),629,was,score: 100,The Tristan Bay Accord,1
Terra Whiteman (Goodreads Author),629,4.25,score: 100,The Antithesis: Renovatio,1
Ada Palmer (Goodreads Author),629,3.82,score: 100,Too Like the Lightning,1
Georgia  Knight (Goodreads Author),629,4.42,score: 100,The Cairo Accord,1
Sara Allyn (Goodreads Author),629,4.10,score: 100,The Prisoner,1
Stacey Rourke (Goodreads Author),629,4.07,score: 100,Apocalypse Five,1
Carol Emshwiller,629,3.52,score: 100,Carmen Dog,1
Gauri Mittal (Goodreads Author),629,liked,score: 100,After Annihilation: Would you want to survive?,1
Katherine  Moore (Goodreads Author),629,4.78,score: 100,Elementals: Mystic Warriors,1
Gleneley Stander (Goodreads Author),629,was,score: 100,UNJU - The Jump,1
Alix Nichols (Goodreads Author),629,4.42,score: 100,The Samurai's Lover,1
Gleneley Stander (Goodreads Author),629,was,score: 100,UNJU - The Jump,1
Anja Kümmel,629,liked,score: 100,Träume Digitaler Schläfer,1
Joan June Chen (Goodreads Author),629,4.03,score: 100,Leaning On Water,1
Ariel Tachna (Goodreads Author),752,3.66,score: 99,Healing in His Wings,1
Lisa Eskra (Goodreads Author),752,4.29,score: 99,Astra: The Reckoning,1
Tanith Lee,752,3.57,score: 99,To Indigo,1
Jess Anastasi (Goodreads Author),752,4.50,score: 99,Savior,1
Barbara Rayne (Goodreads Author),752,3.85,score: 99,Evolve,1
Monica La Porta (Goodreads Author),752,4.23,score: 99,Pax in the Land of Women,1
Joan Slonczewski (Goodreads Author),752,3.42,score: 99,The Highest Frontier,1
C.C. Alma (Goodreads Author),752,3.32,score: 99,The Earth Boy and Mr. Brown / Robots in Love,1
Jean Hegland (Goodreads Author),752,3.79,score: 99,Into the Forest,1
Linda Nagata (Goodreads Author),752,3.63,score: 99,Limit of Vision,1
Justina Robson (Goodreads Author),752,3.59,score: 99,Silver Screen,1
Sharon Lynn Fisher (Goodreads Author),752,3.42,score: 99,The Ophelia Prophecy,1
Rae Lori (Goodreads Author),752,4.83,score: 99,A Feast of Shadows,1
Autumn Kalquist (Goodreads Author),752,3.81,score: 99,Paragon,1
Kathryn McKade (Goodreads Author),752,4.17,score: 99,Last Night in Ghosttown,1
K.N. Lee (Goodreads Author),752,3.78,score: 99,Netherworld,1
Roxanne Smolen (Goodreads Author),752,4.63,score: 99,The Amazing Wolf Boy,1
Britt DeLaney (Goodreads Author),752,4.18,score: 99,Changeling: Book Three of the Seeder Saga,1
Hywela Lyn (Goodreads Author),752,was,score: 99,Children Of The Mist,1
Elizabeth C. Robinson (Goodreads Author),752,was,score: 99,Charango,1
Janet  Edwards (Goodreads Author),752,4.27,score: 99,Earth Flight,1
Starhawk (Goodreads Author),752,4.25,score: 99,The Fifth Sacred Thing,1
Hamlet Machine,752,4.24,score: 99,Starfighter Chapter 3,1
Aeyess (Goodreads Author),752,4.12,score: 99,Armstrong Dent and the Death Blow,1
Ann Christy (Goodreads Author),752,4.44,score: 99,Forever Between,1
Christy  Newman (Goodreads Author),752,4.42,score: 99,The Return,1
Jessica Frances (Goodreads Author),752,4.19,score: 99,Roth,1
Elenor Gill (Goodreads Author),752,3.89,score: 99,Dreams of Origami,1
Michael Knost (editor),752,4.17,score: 99,Writers Workshop of Science Fiction & Fantasy,1
Rae Gee (Goodreads Author),752,4.09,score: 99,Selling Mars,1
Ksenia Anske (Goodreads Author),752,4.13,score: 99,Rosehead,1
Clea Saal (Goodreads Author),752,liked,score: 99,Homo Ex Machina,1
Autumn Christian (Goodreads Author),752,4.64,score: 99,Ecstatic Inferno,1
Victoria Aveyard (Goodreads Author),752,4.06,score: 99,Red Queen,1
Laura Giebfried (Goodreads Author),752,4.36,score: 99,Beating Heart Cadavers,1
K.L. Tharp,752,4.41,score: 99,For the Honor of Black Roses,1
Jennifer Wingert,752,3.59,score: 99,Grasp the Stars,1
Gwyneth Jones,752,3.06,score: 99,Proof of Concept,1
M.C. Frank (Goodreads Author),752,4.27,score: 99,No Plain Rebel,1
A.M. Cunning (Goodreads Author),752,3.60,score: 99,When the Earth Had a Moon,1
Claire North,752,3.80,score: 99,Touch,1
B.C. Nyren (Goodreads Author),752,3.82,score: 99,Crypto,1
McKenna Miller,752,4.55,score: 99,WYRFORRA,1
Lizzie Newell (Goodreads Author),752,was,score: 99,The Fisherman and the Gene Thief,1
Charlie Jane Anders (Goodreads Author),752,3.58,score: 99,All the Birds in the Sky,1
Nancy Springer (Goodreads Author),752,3.77,score: 99,Larque on the Wing,1
Tatyana Tolstaya,752,3.81,score: 99,The Slynx,1
Leigh Brackett,799,3.71,score: 98,The Reavers of Skaith,1
Nicki Bennett,799,3.59,score: 98,Hot Cargo,1
Lisa Eskra (Goodreads Author),799,3.35,score: 98,Astra: Synchronicity,1
Jess Anastasi (Goodreads Author),799,was,score: 98,Severance,1
Debra Doyle,799,4.05,score: 98,Starpilot's Grave,2
Susan Kaye Quinn (Goodreads Author),799,3.88,score: 98,Delirium,1
Madeline Ashby (Goodreads Author),799,3.64,score: 98,iD,1
Linda Nagata (Goodreads Author),799,3.63,score: 98,Tech-Heaven,1
Clare Dargin (Goodreads Author),799,3.24,score: 98,Cold Warriors,1
Jean Johnson (Goodreads Author),799,4.13,score: 98,An Officer's Duty,2
Sylvia Engdahl (Goodreads Author),799,4.07,score: 98,Heritage Of The Star,1
Britt DeLaney (Goodreads Author),799,3.90,score: 98,Sky Woman: Book One of the Seeder Saga,1
Carol Berg (Goodreads Author),799,3.77,score: 98,Son of Avonar,1
Janet  Edwards (Goodreads Author),799,4.10,score: 98,Earth Star,1
Teri Terry (Goodreads Author),799,4.07,score: 98,Slated,1
Ella James (Goodreads Author),799,3.65,score: 98,"Beast, Part One",1
She S. Rutan (Goodreads Author),799,4.40,score: 98,Shkarr,1
Aeyess (Goodreads Author),799,liked,score: 98,Armstrong Dent and the Guerrilla Revolucion,1
Ann Christy (Goodreads Author),799,4.66,score: 98,Yankari: A Talking Earth Tale,1
Samantha D. Meshla,799,4.69,score: 98,Lost Whispers,1
Jessica Frances (Goodreads Author),799,4.21,score: 98,Oden,1
Elenor Gill (Goodreads Author),799,3.42,score: 98,Miriam's Talisman,1
Rae Gee (Goodreads Author),799,4.50,score: 98,The Eve of War,1
Shirley Jackson,799,4.06,score: 98,The Lottery and Other Stories,1
Anne McCaffrey,799,4.20,score: 98,Dragonsdawn,1
Diana Wynne Jones,799,4.08,score: 98,Dogsbody,1
K.L. Tharp,799,4.28,score: 98,The Protectorit,1
Marissa Meyer (Goodreads Author),799,4.06,score: 98,Heartless,1
M.C. Frank (Goodreads Author),799,liked,score: 98,No Vain Loss,1
N.K. Jemisin (Goodreads Author),799,4.21,score: 98,The Inheritance Trilogy,1
Catherine Asaro (Goodreads Author),799,3.47,score: 98,The Phoenix Code,1
K.M. Riley (Goodreads Author),799,liked,score: 98,Fever Rising,1
Lizzie Newell (Goodreads Author),799,3.67,score: 98,The Fisherman and the Sperm Thief,1
L. Timmel Duchamp,799,3.83,score: 98,"Love's Body, Dancing In Time",1
Nnedi Okorafor (Goodreads Author),799,3.63,score: 98,Lagune,1
Annie Bellet (Goodreads Author),834,3.88,score: 97,The Light of the Earth As Seen from Tartarus,1
Nicki Bennett,834,3.45,score: 97,Something About Harry,1
Jess Anastasi (Goodreads Author),834,4.21,score: 97,Sanctuary,1
Jade Kerrion (Goodreads Author),834,4.41,score: 97,When the Silence Ends,1
Carolyn Ives Gilman,834,3.73,score: 97,Arkfall,1
Diane Duane (Goodreads Author),834,3.63,score: 97,Stealing the Elf-King's Roses,1
Sylvie Bérard (Goodreads Author),834,3.83,score: 97,Of Wind and Sand,1
Marla Monroe (Goodreads Author),834,4.09,score: 97,Megan’s Double Miracle,1
Britt DeLaney (Goodreads Author),834,4.27,score: 97,Rain In The Moonlight: Book Two of the Seeder Saga,1
Janet  Edwards (Goodreads Author),834,4.16,score: 97,Earth 2788,1
Katy Evans (Goodreads Author),834,4.20,score: 97,Real,1
Eve Ocotillo (Goodreads Author),834,3.83,score: 97,The Violet and the Tom,1
Aeyess (Goodreads Author),834,3.50,score: 97,Armstrong Dent and the Death of the Sun,1
Ann Christy (Goodreads Author),834,4.01,score: 97,Strikers,1
Tara Ellis (Goodreads Author),834,4.37,score: 97,Descent,1
Julie E. Czerneda (Goodreads Author),834,4.13,score: 97,Rift in the Sky,1
Joy Nash (Goodreads Author),834,it,score: 97,Looking for a Hero,1
C.A. Higgins (Goodreads Author),834,3.47,score: 97,Lightless,1
Lizzie Newell (Goodreads Author),834,4.25,score: 97,Sappho's Agency,1
Robin Cook (Goodreads Author),834,3.98,score: 97,Outbreak,1
Annie Bellet (Goodreads Author),854,4.56,score: 96,The Spacer's Blade and Other Stories,1
Pat Murphy (Goodreads Author),854,3.84,score: 96,Points of Departure,1
Valjeanne Jeffers (Goodreads Author),854,4.52,score: 96,The Switch II: Clockwork,1
Debra Doyle,854,4.09,score: 96,By Honor Betray'd,2
Pamela Sargent (Goodreads Author),854,3.56,score: 96,Earthseed,1
Danielle Ackley-McPhail (Goodreads Author),854,4.50,score: 96,A Legacy of Stars,1
Jane Fletcher,854,4.06,score: 96,The Temple at Landfall,1
Linda Nagata (Goodreads Author),854,3.77,score: 96,Deception Well,1
Marla Monroe (Goodreads Author),854,4.03,score: 96,Making Them Happy,1
Marion Zimmer Bradley,854,3.51,score: 96,Night's Daughter,1
Kristine Williams,854,4.11,score: 96,When The Stars Walk Backwards,1
Colleen Hoover (Goodreads Author),854,4.16,score: 96,This Girl,1
Sarah Ash (Goodreads Author),854,3.73,score: 96,Die Klangweberin,1
Aeyess (Goodreads Author),854,3.83,score: 96,Armstrong Dent and the Thousand Year Death,1
Ann Christy (Goodreads Author),854,4.18,score: 96,Flying Season for the Mis-Recorded,1
Alexandra Bracken (Goodreads Author),854,4.29,score: 96,Never Fade,1
Veronica Roth (Goodreads Author),854,4.18,score: 96,The Transfer,1
Tanya Huff,854,4.07,score: 96,The Heart of Valor,2
Louise Lawrence,854,3.87,score: 96,Andra,1
Kirsten Bakis,854,3.66,score: 96,Lives of the Monster Dogs,1
Madeline Ashby (Goodreads Author),854,3.54,score: 96,Company Town,1
Cherie Dimaline,854,4.08,score: 96,The Marrow Thieves,1
Kim Stanley Robinson,854,3.93,score: 96,Green Mars,1
K.B. Wagers (Goodreads Author),854,3.85,score: 96,Behind the Throne,1
Hao Jingfang,854,3.76,score: 96,Peking falten,1
Valjeanne Jeffers (Goodreads Author),879,4.50,score: 95,Grandmere's Secret,1
Gwyneth Jones,879,3.75,score: 95,Grazing the Long Acre,1
Robin Summers (Goodreads Author),879,3.60,score: 95,After the Fall,1
Diane Duane (Goodreads Author),879,4.13,score: 95,The Tale of the Five: The Sword and the Dragon,1
Linda Nagata (Goodreads Author),879,3.79,score: 95,Memory,1
Elizabeth Moon,879,3.92,score: 95,Winning Colors,3
Marion Zimmer Bradley (Editor / Contributor),879,3.95,score: 95,Free Amazons of Darkover,1
Marla Monroe (Goodreads Author),879,4.06,score: 95,Two Men for Piper,1
Tammy Salyer (Goodreads Author),879,3.77,score: 95,Contract of Betrayal,1
Lauren Beukes (Goodreads Author),879,3.49,score: 95,The Shining Girls,1
Dolores Redondo,879,3.80,score: 95,The Invisible Guardian,1
J. Lynn,879,4.18,score: 95,Wait for You,1
Lissa Price (Goodreads Author),879,3.90,score: 95,Starters,1
Aeyess (Goodreads Author),879,3.73,score: 95,Armstrong Dent and the Ring of the Lords,1
Ann Christy (Goodreads Author),879,4.18,score: 95,Dark Till Dawn,1
Moira Young (Goodreads Author),879,3.80,score: 95,Raging Star,1
Veronica Roth (Goodreads Author),879,4.09,score: 95,The Son,1
S.E. Gilchrist (Goodreads Author),879,2.73,score: 95,Quest for Earth,1
Naomi Alderman (Goodreads Author),879,3.85,score: 95,The Power,1
Emily Skrutskie (Goodreads Author),879,3.96,score: 95,The Abyss Surrounds Us,1
K.B. Wagers (Goodreads Author),879,4.06,score: 95,After the Crown,1
Ursula K. Le Guin,879,4.29,score: 95,The Birthday of the World and Other Stories,1
Shanna Lauffey,879,was,score: 95,Sweet Child of Time: Episode Seven of The Chronicles of the Harekaiian,1
Naomi Alderman (Goodreads Author),879,3.85,score: 95,Die Gabe,1
Sheri S. Tepper,903,4.23,score: 94,The Chronicles of Mavin Manyshaped,1
Carole  McDonnell (Goodreads Author),903,3.77,score: 94,Wind Follower,1
Valjeanne Jeffers (Goodreads Author),903,4.40,score: 94,The Time of Legend,1
Diane Duane (Goodreads Author),903,3.74,score: 94,Omnitopia Dawn,1
Wen Spencer (Goodreads Author),903,4.30,score: 94,Elfhome,3
Jean Johnson (Goodreads Author),903,3.98,score: 94,A Soldier's Duty,2
Tammy Salyer (Goodreads Author),903,3.83,score: 94,Contract of Defiance,1
Alison Goodman (Goodreads Author),903,3.98,score: 94,Eon: Dragoneye Reborn,1
Jamie McGuire (Goodreads Author),903,4.22,score: 94,Walking Disaster,1
Aeyess (Goodreads Author),903,3.90,score: 94,Armstrong Dent and the Temple of Solomon,1
Ann Christy (Goodreads Author),903,4.04,score: 94,Deep Dark,1
Moira Young (Goodreads Author),903,3.88,score: 94,Rebel Heart,1
Karen Traviss (Goodreads Author),903,4.10,score: 94,Aspho Fields,1
Nalo Hopkinson,903,3.98,score: 94,Falling in Love with Hominids,1
Kiera Cass (Goodreads Author),903,4.02,score: 94,The Elite,1
Veronica Roth (Goodreads Author),903,4.17,score: 94,The Traitor,1
Sandy Williams (Goodreads Author),903,3.72,score: 94,Shades of Treason,1
Juliet Madison (Goodreads Author),903,3.79,score: 94,Sight,1
Emily Skrutskie (Goodreads Author),903,4.16,score: 94,The Edge of the Abyss,1
Amy Thomson,903,4.26,score: 94,The Color of Distance,1
Alexandra Bracken (Goodreads Author),903,3.80,score: 94,Passenger,1
Sheri S. Tepper,924,4.29,score: 93,The End of the Game,1
Annie Bellet (Goodreads Author),924,4.25,score: 93,Deep Black Beyond,1
Rebecca Ore,924,3.76,score: 93,Being Alien,1
Wendy Raven McNair,924,4.54,score: 93,Awake,1
Charlene A. Wilson (Goodreads Author),924,3.97,score: 93,One for Kami,2
Lois McMaster Bujold (Goodreads Author),924,4.22,score: 93,Weatherman,3
Laurie Frankel (Goodreads Author),924,3.58,score: 93,Goodbye for Now,1
Tammy Salyer (Goodreads Author),924,3.98,score: 93,Contract of War,1
Sylvia Day (Goodreads Author),924,4.19,score: 93,Entwined with You,1
Aeyess (Goodreads Author),924,3.79,score: 93,Armstrong Dent and the Kickapoo Borderland Band,1
Ann Christy (Goodreads Author),924,3.86,score: 93,Going Dark,1
Kiera Cass (Goodreads Author),924,4.20,score: 93,The One,1
Veronica Roth (Goodreads Author),924,4.19,score: 93,The Initiate,1
Elizabeth Bear (Goodreads Author),924,4.04,score: 93,Shoggoths in Bloom and Other Stories,1
Katharine Burdekin,924,3.89,score: 93,The End of This Day's Business,1
Jackie Braun (Goodreads Author),924,3.30,score: 93,Mine Tomorrow,1
Linnea Sinclair (Goodreads Author),924,liked,score: 93,Command Performance,1
Janet E. Morris (Goodreads Author),924,4.01,score: 93,Cruiser Dreams: Book II in the Kerrion Empire three-book saga,1
Nisi Shawl,924,3.25,score: 93,Everfair,1
Alexandra Bracken (Goodreads Author),924,3.86,score: 93,Wayfarer,1
Shanna Lauffey,924,liked,score: 93,Sweet Child of Time,1
Kit Reed,945,2.76,score: 92,Enclave,1
Tricia Sullivan,945,3.57,score: 92,Someone To Watch Over Me,1
Tananarive Due (Goodreads Author),945,4.33,score: 92,The Living Blood,1
Clare B. Dunkle,945,3.42,score: 92,The Sky Inside,1
Susan Tsui (Goodreads Author),945,3.57,score: 92,You Shouldn't Call Me Mommy,1
Jami Brumfield (Goodreads Author),945,3.71,score: 92,Lone Wolf Rising,1
Sheila Finch,945,3.39,score: 92,Reading the Bones,1
Joanne Harris (Goodreads Author),945,3.26,score: 92,Blueeyedboy,1
Andre Norton,945,3.95,score: 92,The Zero Stone,1
Colleen Hoover (Goodreads Author),945,4.35,score: 92,Losing Hope,1
Aeyess (Goodreads Author),945,3.89,score: 92,Armstrong Dent and the Crime of the Century,1
E.E. Giorgi (Goodreads Author),945,4.16,score: 92,CHIMERAS,1
Diane Carey,945,3.19,score: 92,Ghost Ship,1
Amy A. Bartol (Goodreads Author),945,4.21,score: 92,Under Different Stars,1
Adrienne Maree Brown (Editor/Contributor),945,3.94,score: 92,Octavia's Brood: Science Fiction Stories from Social Justice Movements,1
Susan Grant (Goodreads Author),945,3.82,score: 92,The Day Her Heart Stood Still,1
Susan Ee (Goodreads Author),945,4.20,score: 92,World After,1
Ursula K. Le Guin,945,liked,score: 92,A Fisherman of the Inland Sea,1
Shanna Lauffey,945,was,score: 92,Remember the Future,1
Jan Morris,964,3.89,score: 91,Hav,1
Lyda Morehouse,964,3.52,score: 91,Archangel Protocol,1
Jami Brumfield (Goodreads Author),964,4.33,score: 91,Vampire Princess Rising,1
Marla Monroe (Goodreads Author),964,3.84,score: 91,The Hired Hands' Dilemma,1
Sondra Marshak,964,3.36,score: 91,The Price of the Phoenix,1
Aeyess (Goodreads Author),964,3.82,score: 91,Armstrong Dent and the Curious Case of Benjamin's Buttons,1
Nancy Kress (Goodreads Author),964,3.72,score: 91,Probability Sun,1
Nnedi Okorafor (Goodreads Author),964,3.95,score: 91,Kabu Kabu,1
Leigh Richards,964,3.88,score: 91,Califia's Daughters,1
Susan Grant (Goodreads Author),964,3.88,score: 91,The Star Queen,1
Juliana  Gray (Goodreads Author),964,3.68,score: 91,A Strange Scottish Shore,1
Elizabeth Moon,964,3.98,score: 91,Cold Welcome,1
Erika Johansen (Goodreads Author),964,4.02,score: 91,The Queen of the Tearling,1
Eleanor Cameron,964,4.03,score: 91,The Wonderful Flight to the Mushroom Planet,1
Shanna Lauffey,964,4.25,score: 91,Gravity Spike,1
Marianne de Pierres (Goodreads Author),979,3.86,score: 90,Chaos Space,2
Doris Piserchia,979,3.59,score: 90,A Billion Days of Earth,1
Tracy Edward Wymer (Goodreads Author),979,3.46,score: 90,The Color of Bones,1
Jordan Castillo Price (Goodreads Author),979,3.91,score: 90,Zero Hour,1
Sondra Marshak,979,3.30,score: 90,The Fate of the Phoenix,1
Aeyess (Goodreads Author),979,3.45,score: 90,Armstrong Dent and the Edge of Earth,1
Louise Wise (Goodreads Author),979,3.57,score: 90,Eden,1
Marie Lu (Goodreads Author),979,4.28,score: 90,Prodigy,1
Susan Grant (Goodreads Author),979,4.14,score: 90,The Champion of Barésh,1
Juliana  Gray (Goodreads Author),979,3.56,score: 90,A Most Extraordinary Pursuit,1
Elizabeth Moon,979,4.10,score: 90,Into the Fire,1
Judith Tarr (Goodreads Author),979,3.83,score: 90,Forgotten Suns,1
Veronica Roth (Goodreads Author),979,3.93,score: 90,The Fates Divide,1
Shanna Lauffey,979,3.80,score: 90,Children of the Morning,1
Rebecca Ore,993,3.66,score: 89,Human to Human,1
Nancy Kress (Goodreads Author),993,3.44,score: 89,Steal Across the Sky,1
Claudia Carozza (Goodreads Author),993,3.79,score: 89,The Twenty,1
Cary Caffrey (Goodreads Author),993,3.78,score: 89,The Girls From Alcyone,1
Marla Monroe (Goodreads Author),993,3.63,score: 89,The Ranchers Take a Wife,1
Andre Norton,993,3.95,score: 89,Exiles of the Stars,1
Susan Grant (Goodreads Author),993,3.64,score: 89,The Last Warrior,1
Nora Roberts (Goodreads Author),993,4.05,score: 89,Year One,1
Malka Ann Older (Goodreads Author),993,3.87,score: 89,Null States: Book Two of the Centenal Cycle,1
K.B. Wagers (Goodreads Author),993,4.03,score: 89,Beyond the Empire,1
Shanna Lauffey,993,liked,score: 89,Continuum,1
Sheri S. Tepper,1004,3.80,score: 88,The Awakeners: Northshore & Southshore,1
Rebecca Ore,1004,3.48,score: 88,Gaia's Toys,1
Kristine Smith (Goodreads Author),1004,3.73,score: 88,Code of Conduct,2
Andrea Hairston,1004,3.67,score: 88,Mindscape,1
Catherine Asaro (Goodreads Author),1004,4.03,score: 88,The Ruby Dice,1
Hanya Yanagihara (Goodreads Author),1004,3.68,score: 88,The People in the Trees,1
Kristine Kathryn Rusch (Goodreads Author),1004,3.91,score: 88,City of Ruins,2
Elizabeth Haydon,1004,4.04,score: 88,Elegy for a Lost Star,1
Susan Grant (Goodreads Author),1004,3.90,score: 88,The Star Princess,1
Ashley Poston (Goodreads Author),1004,3.81,score: 88,Heart of Iron,1
Diana Wynne Jones,1004,3.81,score: 88,Believing is Seeing,1
Shanna Lauffey,1004,4.25,score: 88,The Future Memory Man,1
Rebecca Ore,1016,3.61,score: 87,Becoming Alien,1
Catherine Asaro (Goodreads Author),1016,3.85,score: 87,Spherical Harmonic,1
Sarah Ettritch (Goodreads Author),1016,4.07,score: 87,Disobedience Means Death,1
Marla Monroe (Goodreads Author),1016,3.97,score: 87,Sharing the Female From Earth,1
Madeleine Roux (Goodreads Author),1016,3.76,score: 87,Allison Hewitt Is Trapped,1
Elizabeth Haydon,1016,3.99,score: 87,Requiem for the Sun,1
Anna Kavan,1016,3.75,score: 87,Ice,1
Ilona Andrews (Goodreads Author),1016,4.27,score: 87,Silver Shark,1
Ann  Benson,1016,3.95,score: 87,The Physician's Tale,1
Katharine Burdekin,1016,4.03,score: 87,Proud Man,1
Margaret Cavendish,1016,3.26,score: 87,The Blazing World and Other Writings,1
Susan Grant (Goodreads Author),1016,3.63,score: 87,Sureblood,1
Rachel Caine (Goodreads Author),1016,3.90,score: 87,Honor Among Thieves,1
Shanna Lauffey,1016,4.67,score: 87,A Secret Twice Hidden,1
Thea Beckman,1030,4.20,score: 86,Kinderen van Moeder Aarde,1
Ursula K. Le Guin,1030,4.17,score: 86,Four Ways to Forgiveness,1
Jenni Fagan,1030,3.64,score: 86,The Panopticon,1
Susan Grant (Goodreads Author),1030,3.88,score: 86,How to Lose an Extraterrestrial in 10 Days,2
Anne McCaffrey,1030,4.23,score: 86,The Masterharper of Pern,2
Elizabeth Haydon,1030,4.13,score: 86,Destiny: Child of the Sky,1
Ilona Andrews (Goodreads Author),1030,3.96,score: 86,Silent Blade,1
Lindsay  Smith (Goodreads Author),1030,3.47,score: 86,Dreamstrider,1
Martha Wells (Goodreads Author),1030,4.28,score: 86,Artificial Condition,1
Ursula K. Le Guin,1030,4.21,score: 86,Three Hainish Novels,1
Shanna Lauffey,1030,4.43,score: 86,Plausible Deniability,1
L. Timmel Duchamp,1041,3.94,score: 85,Tsunami,1
Thea Beckman,1041,4.17,score: 85,Het Helse Paradijs,1
Lisa Mason (Goodreads Author),1041,3.92,score: 85,Summer of Love,1
Holly-Jane Rahlens (Goodreads Author),1041,4.01,score: 85,"Everlasting: Der Mann, der aus der Zeit fiel",1
Elizabeth Haydon,1041,4.12,score: 85,Prophecy: Child of Earth,1
Andre Norton,1041,3.71,score: 85,Android at Arms,1
Jeanne-A Debats,1041,4.10,score: 85,La Ballade de Trash,1
Tahereh Mafi,1041,3.98,score: 85,Shatter Me,1
Susan Grant (Goodreads Author),1041,3.92,score: 85,The Star Prince,1
Martha Wells (Goodreads Author),1041,4.28,score: 85,Rogue Protocol,1
Diana Wynne Jones,1041,3.90,score: 85,The Homeward Bounders,1
Shanna Lauffey,1041,liked,score: 85,The Time Shifters Chronicles volume 1: Episodes One through Five of the Chronicles of the Harekaiian,1
Patty Jansen (Goodreads Author),1053,3.41,score: 84,Watcher's Web,1
Thea Beckman,1053,4.19,score: 84,Het Gulden Vlies van Thule,1
Aubrie Dionne (Goodreads Author),1053,4.42,score: 84,Haven 6,1
Aliette de Bodard (Goodreads Author),1053,3.83,score: 84,"On a Red Station, Drifting",1
Monica Hughes,1053,3.85,score: 84,The Keeper of the Isis Light,1
Elizabeth Haydon,1053,3.95,score: 84,Rhapsody: Child of Blood,1
Diane Carey,1053,3.75,score: 84,Battlestations!,1
Michelle O'Leary (Goodreads Author),1053,3.79,score: 84,The Huntress,1
Danielle Martinigol,1053,4.25,score: 84,Les Abîmes d'Autremer,1
Susan Grant (Goodreads Author),1053,3.75,score: 84,The Star King,1
Martha Wells (Goodreads Author),1053,4.41,score: 84,Exit Strategy,1
L. Timmel Duchamp,1064,4.17,score: 83,Blood in the Fruit,1
Tanith Lee,1064,3.72,score: 83,Day by Night,1
Patty Jansen (Goodreads Author),1064,3.74,score: 83,His Name In Lights,1
Liana Brooks (Goodreads Author),1064,4.32,score: 83,Fey Lights,1
Jill Shultz (Goodreads Author),1064,3.69,score: 83,Angel on the Ropes,1
Fumi Yoshinaga,1064,3.93,score: 83,"Ōoku: The Inner Chambers, Volume 1",1
Andre Norton,1064,4.14,score: 83,The Solar Queen,1
Danielle Martinigol,1064,4.18,score: 83,L'envol de l'abîme,1
Susan Grant (Goodreads Author),1064,3.78,score: 83,My Favorite Earthling,1
Kage Baker,1073,3.97,score: 82,Mother Aegypt and Other Stories,2
Gwyneth Jones,1073,3.73,score: 82,Phoenix Café,1
Patty Jansen (Goodreads Author),1073,4.31,score: 82,This Peaceful State of War,1
Jessica E. Subject (Goodreads Author),1073,3.89,score: 82,Beneath the Starry Sky,2
Gini Koch (Goodreads Author),1073,3.68,score: 82,Touched by an Alien,1
Marion Zimmer Bradley,1073,3.83,score: 82,Rediscovery,1
Danielle Martinigol,1073,4.19,score: 82,L'appel des abîmes,1
Ann Leckie (Goodreads Author),1073,3.82,score: 82,Provenance,1
Sharon Shinn,1081,3.53,score: 81,Wrapt in Crystal,1
Patty Jansen (Goodreads Author),1081,3.93,score: 81,The Far Horizon,1
Rebecca Stead,1081,4.09,score: 81,When You Reach Me,1
Storm Constantine (Goodreads Author),1081,4.28,score: 81,The Fulfilments of Fate and Desire,1
Debra Driza (Goodreads Author),1081,3.69,score: 81,MILA 2.0,1
Susan Grant (Goodreads Author),1081,3.54,score: 81,Your Planet or Mine?,1
N.K. Jemisin (Goodreads Author),1081,3.95,score: 81,The Kingdom of Gods,1
Cecelia Holland,1088,3.53,score: 80,Floating Worlds,1
Patty Jansen (Goodreads Author),1088,4.04,score: 80,Charlotte's Army,1
Maureen F. McHugh,1088,3.65,score: 80,Nekropolis,1
Barbara Hambly (Goodreads Author),1088,3.95,score: 80,The Silicon Mage,2
Jean Hegland (Goodreads Author),1088,3.69,score: 80,Windfalls,1
Melisse Aires (Goodreads Author),1088,3.58,score: 80,Refugees on Urloon,1
Vivian Vande Velde,1088,4.10,score: 80,Heir Apparent,1
Storm Constantine (Goodreads Author),1088,4.23,score: 80,The Bewitchments of Love and Hate,1
Tenea D. Johnson (Goodreads Author),1088,3.65,score: 80,Smoketown,1
Nalini Singh (Goodreads Author),1088,4.09,score: 80,Night Shift,1
Ada Palmer (Goodreads Author),1088,4.19,score: 80,Seven Surrenders,1
C.J. Cherryh (Goodreads Author),1099,4.08,score: 79,The Deep Beyond: Cuckoo's Egg / Serpent's Reach,1
Valerie J. Freireich,1099,3.87,score: 79,Imposter,1
Karen A. Wyle (Goodreads Author),1099,3.65,score: 79,Twin-Bred,1
Patty Jansen (Goodreads Author),1099,4.22,score: 79,Luminescence,1
Amy Joy (Goodreads Author),1099,3.59,score: 79,The Academie,1
Jeanette Grey (Goodreads Author),1099,4.03,score: 79,Unacceptable Risk,1
Rhiannon Lassiter,1099,4.06,score: 79,Void,1
Storm Constantine (Goodreads Author),1099,3.88,score: 79,The Enchantments of Flesh and Spirit,1
J.K. Accinni,1099,3.84,score: 79,Alien Species Intervention,79
Charles Tan (Editor),1099,4.12,score: 79,Lauriat: A Filipino-Chinese Speculative Fiction Anthology,1
Charlaine Harris (Goodreads Author) (Editor),1099,3.87,score: 79,An Apple for the Creature,1
Vonda N. McIntyre,1099,3.60,score: 79,The Starfarers Quartet,1
Susan Grant (Goodreads Author),1099,3.69,score: 79,The Warlord's Daughter,1
Suzy McKee Charnas (Goodreads Author),1112,3.59,score: 78,Motherlines,2
Valerie J. Freireich,1112,4.12,score: 78,Becoming Human,1
Barbara Hambly (Goodreads Author),1112,3.93,score: 78,The Silent Tower,2
Jennifer Pelland,1112,3.80,score: 78,Machine,1
R.J. Anderson (Goodreads Author),1112,3.77,score: 78,Ultraviolet,1
Liz Jensen,1112,3.31,score: 78,The Rapture,1
Jane Yolen (Goodreads Author),1118,liked,score: 77,Dragon's Blood,1
"Peter Haining (Editor, Introduction)",1118,3.97,score: 77,The Fantastic Pulps,1
Jeaniene Frost (Goodreads Author),1118,4.15,score: 77,Magic Graves,1
Susan Grant (Goodreads Author),1118,3.90,score: 77,The Scarlet Empress,1
Karen Traviss (Goodreads Author),1118,3.90,score: 77,Judge,1
Gemma Malley,1123,3.75,score: 76,The Resistance,1
Karen A. Wyle (Goodreads Author),1123,4.29,score: 76,Reach,1
Heidi Ruby Miller,1123,3.71,score: 76,Greenshift,1
Sharon Lee (Goodreads Author),1123,4.25,score: 76,Ghost Ship,3
Andrea L. Bell (Editor),1123,3.92,score: 76,Cosmos Latinos: An Anthology of Science Fiction from Latin America and Spain,1
Elizabeth Hand,1123,3.79,score: 76,Icarus Descending,1
Ilona Andrews (Goodreads Author),1123,4.27,score: 76,Magic Dreams,1
Susan Grant (Goodreads Author),1123,3.78,score: 76,Once a Pirate,1
Karen Traviss (Goodreads Author),1123,3.89,score: 76,Matriarch,1
Marcella Burnard (Goodreads Author),1132,3.65,score: 75,Enemy Within,1
Sandra McDonald,1132,3.59,score: 75,The Stars Blue Yonder,3
Karen A. Wyle (Goodreads Author),1132,4.38,score: 75,Division,1
Aubrie Dionne (Goodreads Author),1132,3.71,score: 75,Paradise 21,1
Stella Carr,1132,3.80,score: 75,Sambaqui: A Novel of Pre-History,1
Lauren Beukes (Goodreads Author),1132,3.64,score: 75,Zoo City,2
Parinoush Saniee,1132,4.22,score: 75,Shiawase no Zanzou,1
Karen Traviss (Goodreads Author),1132,3.90,score: 75,Ally,1
Eleanor Arnason,1140,3.08,score: 74,Daughter of the Bear King,1
Jane Jensen,1140,3.70,score: 74,Dante's Equation,1
Heidi Ruby Miller,1140,3.96,score: 74,Marked by Light,1
Suzanne Weyn,1140,3.55,score: 74,The Bar Code Tattoo,1
Karyn Langhorne Folan (Goodreads Author),1140,4.03,score: 74,Liam's Promise,1
Julie E. Czerneda (Goodreads Author),1140,3.97,score: 74,In the Company of Others,1
Patti   Davis (Goodreads Author),1140,3.57,score: 74,A House of Secrets,1
Anne McCaffrey,1140,3.92,score: 74,Freedom's Choice,1
Karen Traviss (Goodreads Author),1140,3.95,score: 74,The World Before,1
Petronela Ungureanu (Goodreads Author),1149,3.91,score: 73,Lost in the Seven Worlds,1
Melissa Scott (Goodreads Author),1149,3.66,score: 73,The Kindly Ones,2
Melissa Scott (Goodreads Author),1149,3.66,score: 73,Dreamships,2
Patricia Kennealy-Morrison,1149,4.02,score: 73,The Copper Crown,1
Andre Norton,1149,3.93,score: 73,Lord Of Thunder,1
Anne McCaffrey,1149,3.94,score: 73,Freedom's Challenge,1
Karen Traviss (Goodreads Author),1149,4.02,score: 73,Crossing the Line,1
Susan Beth Pfeffer,1149,3.89,score: 73,Life As We Knew It,1
Lisa Mason (Goodreads Author),1157,3.82,score: 72,Pangaea  Book II: Imperium Afire,1
Cathy Pegau (Goodreads Author),1157,3.77,score: 72,Rulebreaker,1
Marion Zimmer Bradley,1157,3.76,score: 72,The Planet Savers,1
Andre Norton,1157,3.72,score: 72,Star Ka'at,1
S.D. Crockett,1157,3.17,score: 72,After the Snow,2
Anne McCaffrey,1157,3.94,score: 72,Freedom's Ransom,1
Andre Norton,1163,3.80,score: 71,Flight in Yiktor,1
C.J. Cherryh (Goodreads Author),1163,3.84,score: 71,Angel with the Sword,2
Kate Thompson,1163,3.63,score: 71,Fourth World,1
Rochelle Weber (Goodreads Author),1163,3.32,score: 71,Rock Crazy,1
Mariano Villarreal,1163,3.79,score: 71,Terra Nova: An Anthology of Contemporary Spanish Science Fiction,1
Andre Norton,1168,3.95,score: 70,The Jargoon Pard,1
Tanith Lee,1168,3.38,score: 70,Eva Fairdeath,1
Joanna Russ,1168,3.58,score: 70,We Who Are About To...,2
Vonda N. McIntyre,1168,3.55,score: 70,Starfarers,2
Jaine Fenn (Goodreads Author),1168,3.91,score: 70,Guardians of Paradise,1
Alison Goodman (Goodreads Author),1168,3.68,score: 70,Singing the Dogstar Blues,1
Erin Kellison (Goodreads Author),1168,4.23,score: 70,Hotter on the Edge 2,1
A.R. Norris (Goodreads Author),1175,3.67,score: 69,Echoes of Regret,1
Vonda N. McIntyre,1175,3.71,score: 69,Transition,2
Jaine Fenn (Goodreads Author),1175,3.99,score: 69,Bringer Of Light,1
Anne McCaffrey,1175,3.92,score: 69,Nimisha's Ship,1
K.A. Applegate,1175,3.87,score: 69,The Change,1
Marion Zimmer Bradley,1180,3.95,score: 68,To Save a World,1
Diane Dooley (Goodreads Author),1180,liked,score: 68,Mako's Bounty,1
Martha Wells (Goodreads Author),1180,3.91,score: 68,Reliquary,1
C.J. Cherryh (Goodreads Author),1180,4.05,score: 68,Fires of Azeroth,2
C.J. Cherryh (Goodreads Author),1180,3.93,score: 68,Well of Shiuan,2
K.A. Applegate,1180,3.83,score: 68,The Threat,1
Syne Mitchell,1180,3.94,score: 68,Technogenesis,1
Pauline Baird Jones (Goodreads Author),1187,4.13,score: 67,Kicking Ashe,1
Martha Wells (Goodreads Author),1187,3.89,score: 67,Entanglement,1
Marion Zimmer Bradley,1187,3.97,score: 67,Darkover: First Contact,2
Sophie McKenzie (Goodreads Author),1187,4.15,score: 67,Hunted,1
K.A. Applegate,1187,3.78,score: 67,The Discovery,1
Kim Knox (Goodreads Author),1192,4.13,score: 66,Painted Promise,1
Vonda N. McIntyre,1192,3.75,score: 66,Metaphase,2
Ally Blue (Goodreads Author),1192,3.34,score: 66,Hell's End,1
Liz Jensen,1192,3.87,score: 66,Ark Baby,1
K.A. Applegate,1192,3.92,score: 66,The Solution,1
Phoebe North (Goodreads Author),1192,3.62,score: 66,Starglass,1
Louise O'Neill (Goodreads Author),1192,3.78,score: 66,Only Ever Yours,1
Marion Zimmer Bradley,1199,3.54,score: 65,Survey Ship,1
Sunny Moraine (Goodreads Author),1199,3.85,score: 65,Line and Orbit,1
K.A. Applegate,1199,3.70,score: 65,The Underground,1
C.L. Moore,1199,3.18,score: 65,Earth's Last Citadel,1
Jennie Melamed (Goodreads Author),1199,3.63,score: 65,Gather the Daughters,1
Jodi Taylor (Goodreads Author),1199,4.14,score: 65,A Symphony of Echoes,1
Mina Carter (Goodreads Author),1205,3.82,score: 64,Solar Storm,1
Ann Halam,1205,3.92,score: 64,Dr. Franklin's Island,1
K.A. Applegate,1205,3.73,score: 64,The Warning,1
Jodi Taylor (Goodreads Author),1205,3.89,score: 64,Just One Damned Thing After Another,1
Stacey Klemstein (Goodreads Author),1209,3.91,score: 63,The Silver Spoon,1
Patrick Califia-Rice,1209,3.73,score: 63,Doc and Fluff: The Dystopian Tale of a Girl and Her Biker,1
Jaine Fenn (Goodreads Author),1209,3.86,score: 63,Consorts of Heaven,1
Beth Ciotta (Goodreads Author),1209,3.70,score: 63,His Clockwork Canary,1
Eleanor Arnason,1209,4.04,score: 63,Changing Women,1
Megan Crewe (Goodreads Author),1209,3.84,score: 63,The Clouded Sky,1
K.A. Applegate,1209,3.78,score: 63,The Decision,1
Neve Maslakovic (Goodreads Author),1209,3.48,score: 63,The Far Time Incident,1
Mary Robinette Kowal (Goodreads Author),1209,3.59,score: 63,Forest of Memory,1
Erika Johansen (Goodreads Author),1209,4.12,score: 63,The Invasion of the Tearling,1
Kim Knox (Goodreads Author),1219,3.38,score: 62,7% and Rising,1
Caragh M. O'Brien (Goodreads Author),1219,3.83,score: 62,Tortured,1
Eileen Gormley (Goodreads Author),1219,3.70,score: 62,Don't Feed the Fairies,1
Judith Merril,1219,3.54,score: 62,Shadow on the Hearth,1
Megan Crewe (Goodreads Author),1219,3.85,score: 62,Those Who Lived,1
K.A. Applegate,1219,3.85,score: 62,The Departure,1
Jessica Khoury (Goodreads Author),1219,3.89,score: 62,Origin,1
Jo Walton (Goodreads Author),1219,3.78,score: 62,The Just City,1
C.J. Barry,1227,3.86,score: 61,Unmasked,1
Megan Crewe (Goodreads Author),1227,3.46,score: 61,Earth & Sky,1
K.A. Applegate,1227,3.72,score: 61,The Forgotten,1
Tara K. Harper,1227,3.77,score: 61,Lightwing,1
Megan Crewe (Goodreads Author),1231,3.81,score: 60,The Worlds We Make,1
Jennifer Marie Brissett (Goodreads Author),1231,3.58,score: 60,Elysium,1
K.A. Applegate,1231,3.78,score: 60,The Escape,1
Maureen F. McHugh,1234,3.38,score: 59,Half the Day is Night,2
Clare O'Beara (Goodreads Author),1234,4.53,score: 59,Dining Out with the Ice Giants,1
John Joseph Adams (Goodreads Author) (Editor),1234,4.05,score: 59,Brave New Worlds,1
Megan Crewe (Goodreads Author),1234,3.86,score: 59,The Lives We Lost,1
K.A. Applegate,1234,3.63,score: 59,The Unknown,1
Colby Hodge,1239,3.57,score: 58,Star Shadows,1
P.I. Barrington (Goodreads Author),1239,4.30,score: 58,The Brede Chronicles,1
Nick Gevers (Editor),1239,3.57,score: 58,Extraordinary Engines: The Definitive Steampunk Anthology,1
Megan Crewe (Goodreads Author),1239,3.69,score: 58,The Way We Fall,1
K.A. Applegate,1239,4.07,score: 58,Visser,1
Janet E. Morris (Goodreads Author),1239,3.93,score: 58,Earth Dreams,1
Beth Revis (Goodreads Author),1245,3.72,score: 57,The Body Electric,1
K.A. Applegate,1245,3.69,score: 57,The Secret,1
Clare O'Beara (Goodreads Author),1245,4.45,score: 57,Dining Out with the Gas Giants,1
Alice Hoffman (Goodreads Author),1248,3.98,score: 56,Green Heart,1
Ivor W. Hartmann (Goodreads Author) (Editor),1248,3.87,score: 56,AfroSF: Science Fiction by African Writers,1
Beth Revis (Goodreads Author),1248,3.80,score: 56,As They Slip Away,1
K.A. Applegate,1248,3.72,score: 56,The Reaction,1
Jodi Redford (Goodreads Author),1252,3.79,score: 55,Taking Liberty,1
Beth Revis (Goodreads Author),1252,4.09,score: 55,Shades of Earth,1
K.A. Applegate,1252,3.76,score: 55,The Android,1
Marilynn Byerly,1255,liked,score: 54,Star-Crossed,1
Linda Pohring (Goodreads Author),1255,3.35,score: 54,Oddily,1
Katherine Anne MacLean,1255,3.29,score: 54,The Diploids and Other Flights of Fancy,1
Beth Revis (Goodreads Author),1255,4.02,score: 54,A Million Suns,1
K.A. Applegate,1255,3.81,score: 54,The Predator,1
Elizabeth Bear (Goodreads Author),1260,3.50,score: 53,Undertow,1
Megan McCafferty (Goodreads Author),1260,3.12,score: 53,Bumped,1
K.A. Applegate,1260,3.87,score: 53,The Capture,1
Jacqueline Lichtenberg (Goodreads Author),1263,3.81,score: 52,Dushau,1
Katherine Allred,1263,3.66,score: 52,Close Encounters,2
Nora Olsen (Goodreads Author),1263,2.81,score: 52,Swans and Klons,1
Andre Norton,1263,3.90,score: 52,The Stars Are Ours,1
K.A. Applegate,1263,3.80,score: 52,The Stranger,1
Margaret Belle (Goodreads Author),1268,3.24,score: 51,The Procedure,1
Caroline B. Cooney,1268,3.88,score: 51,Out of Time,1
K.A. Applegate,1268,3.87,score: 51,The Alien,1
Kim Flowers (Goodreads Author),1271,liked,score: 50,The Divide Book 1: Uprising,1
Naomi Mitchison,1271,3.62,score: 50,Memoirs of a Spacewoman,1
Caroline B. Cooney,1271,3.64,score: 50,Code Orange,1
K.A. Applegate,1271,3.84,score: 50,The Message,1
Lois McMaster Bujold (Goodreads Author),1271,4.43,score: 50,"Miles, Mutants, and Microbes",1
Elysa Hendricks (Goodreads Author),1276,3.18,score: 49,Star Crash,1
Lynn Abbey (Goodreads Author),1276,3.65,score: 49,Jerlayne,1
Joan Slonczewski (Goodreads Author),1276,3.93,score: 49,Daughter of Elysium,1
Katharine Burdekin,1276,3.64,score: 49,Swastika Night,2
Caroline B. Cooney,1276,3.91,score: 49,For All Time,1
K.A. Applegate,1276,3.83,score: 49,The Encounter,1
Helen S. Wright,1276,3.78,score: 49,A Matter of Oaths,1
Malinda Lo (Goodreads Author),1283,3.63,score: 48,Adaptation,1
Caroline B. Cooney,1283,3.81,score: 48,Prisoner of Time,1
K.A. Applegate,1283,3.80,score: 48,The Visitor,1
Lois McMaster Bujold (Goodreads Author),1283,4.44,score: 48,Miles Errant,1
Caroline B. Cooney,1287,3.92,score: 47,Both Sides of Time,1
K.A. Applegate,1287,3.80,score: 47,The Invasion,1
Joanna Russ,1287,3.81,score: 47,Extra,1
Bella Street (Goodreads Author),1290,4.36,score: 46,Apocalypse For Realz,1
C.J. Cherryh (Goodreads Author),1290,4.07,score: 46,Kutath,1
Julie Kagawa (Goodreads Author),1290,4.24,score: 46,The Eternity Cure,1
Lois McMaster Bujold (Goodreads Author),1290,4.15,score: 46,Labyrinth,1
Bella Street (Goodreads Author),1294,4.18,score: 45,Bite Me,1
Juli Zeh,1294,3.56,score: 45,The Method,1
Julie Kagawa (Goodreads Author),1294,3.79,score: 45,'Til the World Ends,1
Bella Street (Goodreads Author),1297,4.12,score: 44,The X Factor,1
Julie Kagawa (Goodreads Author),1297,4.18,score: 44,The Forever Song,1
Robert Silverberg (Editor),1297,3.70,score: 44,The Crystal Ship: Three Original Novellas of Science Fiction,1
Elizabeth Moon,1297,4.17,score: 44,Divided Allegiance,2
Bella Street (Goodreads Author),1301,4.23,score: 43,iRobotronic,1
Ursula K. Le Guin,1301,3.72,score: 43,The Eye of the Heron,1
Julie Kagawa (Goodreads Author),1301,3.97,score: 43,Dawn of Eden,1
Nina Croft (Goodreads Author),1304,3.62,score: 42,Break Out,1
Sharon Lee (Goodreads Author),1304,4.44,score: 42,The Agent Gambit,3
Grace L. Dillon (Editor),1304,3.73,score: 42,Walking the Clouds: An Anthology of Indigenous Science Fiction,1
Julie Kagawa (Goodreads Author),1304,4.09,score: 42,The Immortal Rules,1
Bella Street (Goodreads Author),1308,4.30,score: 41,Kumbaya Much,1
Vonda N. McIntyre,1308,3.49,score: 41,Barbary,1
Rakesh Khanna (Editor),1308,3.53,score: 41,"The Blaft Anthology of Tamil Pulp Fiction, Vol. I",1
Gennifer Albin (Goodreads Author),1308,3.55,score: 41,Unraveled,1
Joan D. Vinge,1308,4.12,score: 41,Catspaw,1
A.R. Norris (Goodreads Author),1313,3.67,score: 40,Revelations of Tomorrow,1
Maureen F. McHugh,1313,3.70,score: 40,Mission Child,1
Monica Byrne (Goodreads Author),1313,3.50,score: 40,The Girl in the Road,1
Jenna McCormick (Goodreads Author),1316,3.56,score: 39,Born,1
Gennifer Albin (Goodreads Author),1316,3.34,score: 39,The Department of Alterations,1
Tess  Williams,1318,it,score: 38,Sea As Mirror,1
Bella Street (Goodreads Author),1318,3.22,score: 38,The Z Word,1
Leigh Kennedy,1318,3.93,score: 38,The Journal Of Nicholas The American,1
Tess  Williams,1321,3.50,score: 37,Map of Power,1
C.J. Barry,1321,3.68,score: 37,Body Master,1
Lauren Beukes (Goodreads Author),1321,3.62,score: 37,Moxyland,1
Emmy Laybourne (Goodreads Author),1321,3.72,score: 37,What Mario Scietto Says,1
Joan D. Vinge,1321,3.88,score: 37,Dreamfall,1
P.J. Schnyder (Goodreads Author),1326,3.58,score: 36,Hunting Kat,1
Emmy Laybourne (Goodreads Author),1326,3.31,score: 36,Jake and the Other Girl,1
Frances Pauli (Goodreads Author),1328,was,score: 35,Friend or Foe,1
Lois McMaster Bujold (Goodreads Author),1328,3.79,score: 35,Dreamweaver's Dilemma,2
Emmy Laybourne (Goodreads Author),1328,4.07,score: 35,Savage Drift,1
Kim Knox (Goodreads Author),1331,3.21,score: 34,Gambit,1
Lisa Goldstein,1331,3.80,score: 34,The Dream Years,1
Emmy Laybourne (Goodreads Author),1331,3.64,score: 34,Dress Your Marines in White,1
Ella Drake (Goodreads Author),1334,3.43,score: 33,Jaq's Harp,1
Emmy Laybourne (Goodreads Author),1334,4.06,score: 33,Sky on Fire,1
Lisa Paitz Spindler (Goodreads Author),1336,3.42,score: 32,The Spiral Path,1
Sheila Keenan,1336,3.96,score: 32,Dogs of War,1
Emmy Laybourne (Goodreads Author),1336,3.90,score: 32,Monument 14,1
Julie E. Czerneda (Goodreads Author),1336,4.16,score: 32,Hidden in Sight,1
Julie E. Czerneda (Goodreads Author),1340,4.09,score: 31,Changing Vision,1
C.J. Cherryh (Goodreads Author),1341,3.52,score: 30,Port Eternity,1
Julie E. Czerneda (Goodreads Author),1341,4.02,score: 30,To Trade the Stars,1
Julie E. Czerneda (Goodreads Author),1343,3.95,score: 29,Ties of Power,1
L.K. Rigel (Goodreads Author),1344,3.18,score: 28,Space Junque,1
Anne McCaffrey,1345,3.82,score: 26,The Death of Sleep,2
Kim Knox (Goodreads Author),1346,3.48,score: 25,Breaking Chance,1
C.J. Cherryh (Goodreads Author),1346,4.06,score: 25,Shon'jir,1
Jean Johnson (Goodreads Author),1346,4.16,score: 25,Hardship,1
C.S. Friedman,1346,3.64,score: 25,The Wilding,1
Gayle Ann Williams (Goodreads Author),1350,3.77,score: 24,Tsunami Blue,1
C.J. Cherryh (Goodreads Author),1350,3.87,score: 24,Hellburner,1
C.J. Cherryh (Goodreads Author),1350,4.30,score: 24,Protector,1
Justina Robson (Goodreads Author),1353,3.47,score: 23,Keeping It Real,1
Sylvia Engdahl (Goodreads Author),1353,4.05,score: 23,Promise of the Flame,1
C.J. Cherryh (Goodreads Author),1355,4.08,score: 22,Exile's Gate,1
Leigh Brackett,1356,3.64,score: 21,The Long Tomorrow,1
Annabelle Blume (Goodreads Author),1357,3.97,score: 20,Frozen Heart,1
C.J. Cherryh (Goodreads Author),1357,3.98,score: 20,Kesrith,1
Brenda Cooper (Goodreads Author),1357,3.57,score: 20,The Diamond Deep,1
Kim Knox (Goodreads Author),1360,3.73,score: 19,Dark Host,1
Tanya Huff,1361,4.05,score: 18,The Better Part of Valor,1
Tanya Huff,1362,4.10,score: 17,Valor's Trial,1
Jacqueline Patricks (Goodreads Author),1363,3.82,score: 16,Dreams of the Queen,1
Marie Sexton (Goodreads Author),1363,3.71,score: 16,Blind Space,1
Jordan Castillo Price (Goodreads Author),1365,liked,score: 15,Among the Living,1
Heather Massey (Goodreads Author),1366,3.15,score: 14,Queenie's Brigade,1
Jean Johnson (Goodreads Author),1366,4.10,score: 14,Hellfire,1
Christine  Bell (Goodreads Author),1368,3.47,score: 13,The Twisted Tale of Stormy Gale,1
Tanith Lee,1368,4.15,score: 13,Don’t Bite the Sun,1
Patricia Crossley,1370,liked,score: 12,Journey's End,1
Anne McCaffrey,1370,3.65,score: 12,Dinosaur Planet Survivors,1
Pamela Sargent (Goodreads Author),1370,3.39,score: 12,Farseed,1
Tanith Lee,1370,4.22,score: 12,Drinking Sapphire Wine,1
Susan Squires (Goodreads Author),1374,3.50,score: 11,Body Electric,1
Anne McCaffrey,1374,3.94,score: 11,Generation Warriors,1
Karin Shah (Goodreads Author),1376,3.66,score: 10,Starjacked,1
Kaitlyn O'Connor (Goodreads Author),1376,3.46,score: 10,Alien Abduction,1
Vanessa Veselka (Goodreads Author),1378,3.59,score: 8,Zazen,1
Marjorie F. Baldwin (Goodreads Author),1379,4.07,score: 7,When Minds Collide,1
Kim Knox (Goodreads Author),1380,3.79,score: 6,Synthetic Dreams,1
Alison Allen-Gray,1380,3.91,score: 6,Lifegame,1
Jeanine Berry,1382,3.25,score: 5,Alien Seduction,1
Meljean Brook,1382,3.83,score: 5,Fire & Frost,1
Robin Hobb (Goodreads Author),1382,3.96,score: 5,The Inheritance,1
Louise Lawrence,1382,3.97,score: 5,Children of the Dust,1
Jeanine Berry,1386,3.58,score: 4,The Sex Gates,1
Mary E. Bradley Lane,1386,2.95,score: 4,Mizora: A Prophecy,1
C.L. Moore,1386,3.87,score: 4,Northwest of Earth: The Complete Northwest Smith,1
Nina Croft (Goodreads Author),1389,3.29,score: 3,Tiger of Talmare,1
Pauline Baird Jones (Goodreads Author),1389,4.14,score: 3,Girl Gone Nova,1
K.D. Wentworth,1389,3.53,score: 3,Black on Black,1
Diane Dooley (Goodreads Author),1392,3.85,score: 2,Blue Nebula,1
K.D. Wentworth,1392,3.68,score: 2,Stars Over Stars,1
Meljean Brook,1394,3.95,score: 1,Heart of Steel,1
K.D. Wentworth,1394,3.14,score: 1,The Imperium Game,1
